customer_id,recency,frequency,monetary,recency_score,frequency_score,monetary_score,RFM_Score,segment
0,2,3655,119312.72,5,5,5,55,champions
1,2,6,29.2,5,1,1,51,new_customers
2,5,16,90.35,3,5,5,35,loyal_customers
3,7,13,188.9,2,5,5,25,cant_loose
4,5,7,28.75,3,2,1,32,about_to_sleep
5,2,6,23.5,5,1,1,51,new_customers
6,10,9,44.05,1,3,3,13,at_Risk
7,3,9,54.5,4,3,4,43,potential_loyalists
8,5,10,61.2,3,4,4,34,loyal_customers
9,5,9,54.25000000000001,3,3,4,33,need_attention
10,2,10,46.89999999999999,5,4,3,54,champions
11,3,8,37.15,4,3,2,43,potential_loyalists
12,4,7,37.0,3,2,2,32,about_to_sleep
13,9,5,25.95,2,1,1,21,hibernating
14,2,10,41.6,5,4,2,54,champions
15,10,11,65.5,1,4,4,14,at_Risk
16,5,10,72.0,3,4,5,34,loyal_customers
17,12,1,6.2,1,1,1,11,hibernating
18,10,6,37.95,1,1,2,11,hibernating
19,7,7,35.8,2,2,2,22,hibernating
20,4,9,41.0,3,3,2,33,need_attention
21,2,5,21.75,5,1,1,51,new_customers
22,2,15,118.85,5,5,5,55,champions
23,5,9,34.8,3,3,2,33,need_attention
24,6,12,56.1,2,4,4,24,at_Risk
25,3,11,65.2,4,4,4,44,loyal_customers
26,12,14,94.65,1,5,5,15,cant_loose
27,4,5,15.6,3,1,1,31,about_to_sleep
28,4,14,128.05,3,5,5,35,loyal_customers
29,2,6,33.7,5,1,2,51,new_customers
30,10,5,40.45,1,1,2,11,hibernating
31,2,8,34.0,5,3,2,53,potential_loyalists
32,5,6,29.849999999999998,3,1,1,31,about_to_sleep
33,3,10,72.35000000000001,4,4,5,44,loyal_customers
34,4,9,85.23,3,3,5,33,need_attention
35,7,12,66.25,2,4,4,24,at_Risk
36,6,6,32.25,2,1,2,21,hibernating
37,4,8,47.6,3,3,3,33,need_attention
38,2,7,51.75,5,2,3,52,potential_loyalists
39,10,8,107.4,1,3,5,13,at_Risk
40,4,12,72.10000000000001,3,4,5,34,loyal_customers
41,10,10,58.1,1,4,4,14,at_Risk
42,10,8,62.55,1,3,4,13,at_Risk
43,2,9,42.15,5,3,3,53,potential_loyalists
44,9,9,43.25,2,3,3,23,at_Risk
45,4,5,66.85,3,1,4,31,about_to_sleep
46,6,11,56.550000000000004,2,4,4,24,at_Risk
47,4,9,49.2,3,3,3,33,need_attention
48,5,13,65.35,3,5,4,35,loyal_customers
49,5,7,32.15,3,2,2,32,about_to_sleep
50,18,9,47.4,1,3,3,13,at_Risk
51,9,8,37.9,2,3,2,23,at_Risk
52,4,11,56.150000000000006,3,4,4,34,loyal_customers
53,4,12,76.2,3,4,5,34,loyal_customers
54,2,8,51.25,5,3,3,53,potential_loyalists
55,5,9,48.050000000000004,3,3,3,33,need_attention
56,2,6,30.2,5,1,2,51,new_customers
57,2,9,48.5,5,3,3,53,potential_loyalists
58,5,10,73.55,3,4,5,34,loyal_customers
59,5,7,38.85,3,2,2,32,about_to_sleep
60,4,9,81.61,3,3,5,33,need_attention
61,13,7,37.6,1,2,2,12,hibernating
62,10,7,44.85000000000001,1,2,3,12,hibernating
63,2,9,39.45,5,3,2,53,potential_loyalists
64,7,11,63.85000000000001,2,4,4,24,at_Risk
65,2,14,95.9,5,5,5,55,champions
66,12,8,60.0,1,3,4,13,at_Risk
67,3,9,53.95,4,3,4,43,potential_loyalists
68,18,7,38.5,1,2,2,12,hibernating
69,7,10,76.15,2,4,5,24,at_Risk
70,4,12,70.0,3,4,5,34,loyal_customers
71,21,6,53.15,1,1,3,11,hibernating
72,3,7,31.25,4,2,2,42,potential_loyalists
73,2,7,43.0,5,2,3,52,potential_loyalists
74,4,7,45.0,3,2,3,32,about_to_sleep
75,3,9,47.0,4,3,3,43,potential_loyalists
76,5,9,47.550000000000004,3,3,3,33,need_attention
77,5,4,17.4,3,1,1,31,about_to_sleep
78,4,5,25.7,3,1,1,31,about_to_sleep
79,21,4,22.25,1,1,1,11,hibernating
80,4,11,61.45,3,4,4,34,loyal_customers
81,2,14,84.44999999999999,5,5,5,55,champions
82,3,12,64.25,4,4,4,44,loyal_customers
83,9,11,50.95,2,4,3,24,at_Risk
84,12,7,51.0,1,2,3,12,hibernating
85,8,4,20.6,2,1,1,21,hibernating
86,2,6,32.7,5,1,2,51,new_customers
87,2,10,49.2,5,4,3,54,champions
88,10,7,41.45,1,2,2,12,hibernating
89,6,6,34.45,2,1,2,21,hibernating
90,18,13,64.6,1,5,4,15,cant_loose
91,20,7,38.05,1,2,2,12,hibernating
92,3,11,49.25,4,4,3,44,loyal_customers
93,11,3,20.5,1,1,1,11,hibernating
94,3,10,53.35,4,4,4,44,loyal_customers
95,5,11,51.95,3,4,3,34,loyal_customers
96,5,5,26.2,3,1,1,31,about_to_sleep
97,3,4,25.15,4,1,1,41,promising
98,5,13,77.55,3,5,5,35,loyal_customers
99,4,12,61.95,3,4,4,34,loyal_customers
100,2,14,83.8,5,5,5,55,champions
101,8,11,73.30000000000001,2,4,5,24,at_Risk
102,8,7,34.5,2,2,2,22,hibernating
103,10,2,22.5,1,1,1,11,hibernating
104,11,5,27.0,1,1,1,11,hibernating
105,3,10,67.45,4,4,4,44,loyal_customers
106,2,4,22.45,5,1,1,51,new_customers
107,5,9,53.95,3,3,4,33,need_attention
108,2,8,41.9,5,3,3,53,potential_loyalists
109,6,9,49.4,2,3,3,23,at_Risk
110,5,6,34.95,3,1,2,31,about_to_sleep
111,3,9,49.3,4,3,3,43,potential_loyalists
112,10,7,43.35,1,2,3,12,hibernating
113,3,10,46.75,4,4,3,44,loyal_customers
114,2,9,47.7,5,3,3,53,potential_loyalists
115,5,9,80.75,3,3,5,33,need_attention
116,3,10,65.35,4,4,4,44,loyal_customers
117,2,11,77.9,5,4,5,54,champions
118,12,10,61.9,1,4,4,14,at_Risk
119,2,11,66.4,5,4,4,54,champions
120,5,11,56.75,3,4,4,34,loyal_customers
121,4,7,47.9,3,2,3,32,about_to_sleep
122,22,8,37.6,1,3,2,13,at_Risk
123,25,3,15.6,1,1,1,11,hibernating
124,7,8,47.7,2,3,3,23,at_Risk
125,10,8,47.349999999999994,1,3,3,13,at_Risk
126,8,7,39.5,2,2,2,22,hibernating
127,5,8,44.650000000000006,3,3,3,33,need_attention
128,6,9,51.2,2,3,3,23,at_Risk
129,5,5,29.0,3,1,1,31,about_to_sleep
130,8,8,95.5,2,3,5,23,at_Risk
131,5,9,60.150000000000006,3,3,4,33,need_attention
132,8,5,38.85,2,1,2,21,hibernating
133,6,9,50.0,2,3,3,23,at_Risk
134,18,9,45.2,1,3,3,13,at_Risk
135,10,13,104.60000000000001,1,5,5,15,cant_loose
136,2,9,63.3,5,3,4,53,potential_loyalists
137,27,3,19.25,1,1,1,11,hibernating
138,2,11,45.7,5,4,3,54,champions
139,2,4,21.8,5,1,1,51,new_customers
140,3,7,38.2,4,2,2,42,potential_loyalists
141,5,14,89.85000000000001,3,5,5,35,loyal_customers
142,2,5,27.0,5,1,1,51,new_customers
143,3,9,49.8,4,3,3,43,potential_loyalists
144,19,4,30.3,1,1,2,11,hibernating
145,2,12,72.9,5,4,5,54,champions
146,7,6,26.45,2,1,1,21,hibernating
147,10,3,20.4,1,1,1,11,hibernating
148,10,7,31.450000000000003,1,2,2,12,hibernating
149,5,11,51.8,3,4,3,34,loyal_customers
150,12,5,22.25,1,1,1,11,hibernating
151,8,10,44.4,2,4,3,24,at_Risk
152,4,6,34.0,3,1,2,31,about_to_sleep
153,26,3,17.5,1,1,1,11,hibernating
154,21,9,54.95,1,3,4,13,at_Risk
155,5,7,39.2,3,2,2,32,about_to_sleep
156,2,9,64.9,5,3,4,53,potential_loyalists
157,6,11,54.85,2,4,4,24,at_Risk
158,2,15,69.45,5,5,5,55,champions
159,11,6,40.45,1,1,2,11,hibernating
160,6,9,47.25,2,3,3,23,at_Risk
161,3,4,20.4,4,1,1,41,promising
162,6,10,56.75,2,4,4,24,at_Risk
163,3,4,26.0,4,1,1,41,promising
164,6,6,33.55,2,1,2,21,hibernating
165,23,4,16.1,1,1,1,11,hibernating
166,5,11,46.5,3,4,3,34,loyal_customers
167,3,12,68.55,4,4,4,44,loyal_customers
168,8,10,58.75,2,4,4,24,at_Risk
169,4,10,53.05,3,4,3,34,loyal_customers
170,4,5,70.75,3,1,5,31,about_to_sleep
171,3,7,34.25,4,2,2,42,potential_loyalists
172,5,10,51.85,3,4,3,34,loyal_customers
173,9,10,64.25,2,4,4,24,at_Risk
174,8,13,64.55,2,5,4,25,cant_loose
175,2,7,42.6,5,2,3,52,potential_loyalists
176,6,11,73.45,2,4,5,24,at_Risk
177,3,6,30.0,4,1,1,41,promising
178,5,10,38.300000000000004,3,4,2,34,loyal_customers
179,6,11,52.3,2,4,3,24,at_Risk
180,3,11,62.1,4,4,4,44,loyal_customers
181,2,9,39.15,5,3,2,53,potential_loyalists
182,3,8,46.45,4,3,3,43,potential_loyalists
183,3,8,42.25,4,3,3,43,potential_loyalists
184,8,8,50.15,2,3,3,23,at_Risk
185,9,6,23.0,1,1,1,11,hibernating
186,3,12,63.85,4,4,4,44,loyal_customers
187,20,4,23.65,1,1,1,11,hibernating
188,23,6,45.75,1,1,3,11,hibernating
189,2,12,75.9,5,4,5,54,champions
190,18,9,42.550000000000004,1,3,3,13,at_Risk
191,8,9,48.75,2,3,3,23,at_Risk
192,11,15,80.94999999999999,1,5,5,15,cant_loose
193,6,9,55.7,2,3,4,23,at_Risk
194,6,10,73.85,2,4,5,24,at_Risk
195,9,8,40.25,1,3,2,13,at_Risk
196,3,7,35.05,4,2,2,42,potential_loyalists
197,10,7,43.75,1,2,3,12,hibernating
198,2,4,40.55,5,1,2,51,new_customers
199,5,9,37.45,3,3,2,33,need_attention
200,4,8,49.5,3,3,3,33,need_attention
201,8,7,35.0,2,2,2,22,hibernating
202,10,9,73.14999999999999,1,3,5,13,at_Risk
203,7,7,49.45,2,2,3,22,hibernating
204,3,8,53.5,4,3,4,43,potential_loyalists
205,9,9,62.45,1,3,4,13,at_Risk
206,4,9,47.35,3,3,3,33,need_attention
207,11,2,13.5,1,1,1,11,hibernating
208,5,11,59.900000000000006,3,4,4,34,loyal_customers
209,10,11,62.25,1,4,4,14,at_Risk
210,5,9,46.6,3,3,3,33,need_attention
211,3,9,42.7,4,3,3,43,potential_loyalists
212,8,10,45.050000000000004,2,4,3,24,at_Risk
213,5,8,48.0,3,3,3,33,need_attention
214,10,13,106.2,1,5,5,15,cant_loose
215,8,11,85.05,2,4,5,24,at_Risk
216,5,11,75.05,3,4,5,34,loyal_customers
217,8,5,23.0,2,1,1,21,hibernating
218,19,7,69.15,1,2,4,12,hibernating
219,4,6,31.1,3,1,2,31,about_to_sleep
220,2,7,25.25,5,2,1,52,potential_loyalists
221,3,12,81.2,4,4,5,44,loyal_customers
222,5,8,46.95,3,3,3,33,need_attention
223,5,6,46.5,3,1,3,31,about_to_sleep
224,2,13,70.6,5,5,5,55,champions
225,4,3,10.3,3,1,1,31,about_to_sleep
226,22,6,32.3,1,1,2,11,hibernating
227,13,8,28.1,1,3,1,13,at_Risk
228,5,4,21.75,3,1,1,31,about_to_sleep
229,2,10,60.8,5,4,4,54,champions
230,2,9,49.75,5,3,3,53,potential_loyalists
231,6,8,36.75,2,3,2,23,at_Risk
232,6,5,25.35,2,1,1,21,hibernating
233,8,6,27.3,2,1,1,21,hibernating
234,4,5,34.9,3,1,2,31,about_to_sleep
235,2,9,31.3,5,3,2,53,potential_loyalists
236,5,8,36.3,3,3,2,33,need_attention
237,3,11,50.15,4,4,3,44,loyal_customers
238,4,8,34.75,3,3,2,33,need_attention
239,14,8,42.65,1,3,3,13,at_Risk
240,2,8,40.9,5,3,2,53,potential_loyalists
241,6,10,56.1,2,4,4,24,at_Risk
242,6,12,62.3,2,4,4,24,at_Risk
243,3,8,30.0,4,3,1,43,potential_loyalists
244,20,8,53.5,1,3,4,13,at_Risk
245,3,7,20.7,4,2,1,42,potential_loyalists
246,8,11,57.1,2,4,4,24,at_Risk
247,2,14,74.65,5,5,5,55,champions
248,3,9,47.35,4,3,3,43,potential_loyalists
249,14,9,54.45,1,3,4,13,at_Risk
250,4,8,43.6,3,3,3,33,need_attention
251,2,11,60.0,5,4,4,54,champions
252,4,11,57.0,3,4,4,34,loyal_customers
253,2,7,43.45,5,2,3,52,potential_loyalists
254,5,7,34.0,3,2,2,32,about_to_sleep
255,6,6,38.7,2,1,2,21,hibernating
256,3,5,21.15,4,1,1,41,promising
257,8,7,30.45,2,2,2,22,hibernating
258,6,7,37.55,2,2,2,22,hibernating
259,9,8,40.35,1,3,2,13,at_Risk
260,14,6,33.8,1,1,2,11,hibernating
261,13,3,19.5,1,1,1,11,hibernating
262,3,5,32.5,4,1,2,41,promising
263,2,11,54.25,5,4,4,54,champions
264,4,8,40.15,3,3,2,33,need_attention
265,11,8,68.05,1,3,4,13,at_Risk
266,5,4,15.6,3,1,1,31,about_to_sleep
267,5,6,64.5,3,1,4,31,about_to_sleep
268,22,7,32.7,1,2,2,12,hibernating
269,3,10,57.1,4,4,4,44,loyal_customers
270,8,6,32.25,2,1,2,21,hibernating
271,7,6,35.35,2,1,2,21,hibernating
272,3,16,80.7,4,5,5,45,loyal_customers
273,20,7,34.15,1,2,2,12,hibernating
274,2,7,48.6,5,2,3,52,potential_loyalists
275,3,6,35.25,4,1,2,41,promising
276,7,10,63.2,2,4,4,24,at_Risk
277,9,7,23.85,1,2,1,12,hibernating
278,6,10,57.0,2,4,4,24,at_Risk
279,9,10,52.75,1,4,3,14,at_Risk
280,3,9,69.75,4,3,5,43,potential_loyalists
281,3,12,58.5,4,4,4,44,loyal_customers
282,4,10,42.2,3,4,3,34,loyal_customers
283,5,7,42.45,3,2,3,32,about_to_sleep
284,9,8,35.3,1,3,2,13,at_Risk
285,5,8,47.05,3,3,3,33,need_attention
286,5,8,59.85,3,3,4,33,need_attention
287,13,5,18.2,1,1,1,11,hibernating
288,3,9,50.1,4,3,3,43,potential_loyalists
289,10,6,49.8,1,1,3,11,hibernating
290,7,5,27.2,2,1,1,21,hibernating
291,2,8,49.45,5,3,3,53,potential_loyalists
292,25,4,17.1,1,1,1,11,hibernating
293,11,5,28.45,1,1,1,11,hibernating
294,3,9,52.2,4,3,3,43,potential_loyalists
295,12,7,33.8,1,2,2,12,hibernating
296,6,5,20.5,2,1,1,21,hibernating
297,7,5,35.5,2,1,2,21,hibernating
298,11,8,32.35,1,3,2,13,at_Risk
299,9,8,36.5,1,3,2,13,at_Risk
300,6,11,49.6,2,4,3,24,at_Risk
301,8,11,58.6,2,4,4,24,at_Risk
302,5,11,60.7,3,4,4,34,loyal_customers
303,14,4,20.75,1,1,1,11,hibernating
304,8,6,45.9,2,1,3,21,hibernating
305,5,10,56.95,3,4,4,34,loyal_customers
306,19,9,78.0,1,3,5,13,at_Risk
307,2,11,52.5,5,4,3,54,champions
308,14,7,25.15,1,2,1,12,hibernating
309,3,6,32.0,4,1,2,41,promising
310,5,5,30.75,3,1,2,31,about_to_sleep
311,3,12,51.35,4,4,3,44,loyal_customers
312,7,8,30.15,2,3,2,23,at_Risk
313,3,10,68.35,4,4,4,44,loyal_customers
314,5,8,46.05,3,3,3,33,need_attention
315,2,9,52.4,5,3,3,53,potential_loyalists
316,19,7,29.35,1,2,1,12,hibernating
317,4,9,70.55000000000001,3,3,5,33,need_attention
318,4,11,51.050000000000004,3,4,3,34,loyal_customers
319,11,20,102.75,1,5,5,15,cant_loose
320,5,18,93.35,3,5,5,35,loyal_customers
321,2,8,53.35,5,3,4,53,potential_loyalists
322,4,9,65.95,3,3,4,33,need_attention
323,6,10,55.2,2,4,4,24,at_Risk
324,6,7,39.45,2,2,2,22,hibernating
325,7,11,62.35000000000001,2,4,4,24,at_Risk
326,6,9,52.650000000000006,2,3,3,23,at_Risk
327,7,9,53.150000000000006,2,3,3,23,at_Risk
328,5,13,110.94999999999999,3,5,5,35,loyal_customers
329,3,13,70.35,4,5,5,45,loyal_customers
330,4,9,57.75,3,3,4,33,need_attention
331,7,9,45.0,2,3,3,23,at_Risk
332,7,8,51.900000000000006,2,3,3,23,at_Risk
333,4,7,27.45,3,2,1,32,about_to_sleep
334,10,4,19.5,1,1,1,11,hibernating
335,10,12,55.15,1,4,4,14,at_Risk
336,3,10,53.25,4,4,3,44,loyal_customers
337,5,7,33.95,3,2,2,32,about_to_sleep
338,2,13,74.7,5,5,5,55,champions
339,29,2,12.0,1,1,1,11,hibernating
340,3,11,59.8,4,4,4,44,loyal_customers
341,2,10,48.1,5,4,3,54,champions
342,4,10,117.45,3,4,5,34,loyal_customers
343,8,6,31.75,2,1,2,21,hibernating
344,2,11,68.25,5,4,4,54,champions
345,14,5,26.349999999999998,1,1,1,11,hibernating
346,2,9,41.95,5,3,3,53,potential_loyalists
347,2,12,58.45,5,4,4,54,champions
348,24,1,12.0,1,1,1,11,hibernating
349,29,2,11.5,1,1,1,11,hibernating
350,6,11,43.85,2,4,3,24,at_Risk
351,5,8,47.0,3,3,3,33,need_attention
352,2,12,48.55,5,4,3,54,champions
353,6,6,33.349999999999994,2,1,2,21,hibernating
354,10,6,33.45,1,1,2,11,hibernating
355,7,10,69.55,2,4,5,24,at_Risk
356,2,9,59.35,5,3,4,53,potential_loyalists
357,5,3,24.0,3,1,1,31,about_to_sleep
358,5,7,36.849999999999994,3,2,2,32,about_to_sleep
359,28,1,5.0,1,1,1,11,hibernating
360,7,3,34.25,2,1,2,21,hibernating
361,2,14,76.4,5,5,5,55,champions
362,14,6,25.700000000000003,1,1,1,11,hibernating
363,3,4,22.55,4,1,1,41,promising
364,6,7,39.550000000000004,2,2,2,22,hibernating
365,3,3,16.0,4,1,1,41,promising
366,9,4,18.7,1,1,1,11,hibernating
367,10,5,23.7,1,1,1,11,hibernating
368,8,6,46.65,2,1,3,21,hibernating
369,3,6,33.65,4,1,2,41,promising
370,20,6,54.4,1,1,4,11,hibernating
371,26,8,35.3,1,3,2,13,at_Risk
372,2,6,24.45,5,1,1,51,new_customers
373,19,5,17.0,1,1,1,11,hibernating
374,7,9,41.15,2,3,2,23,at_Risk
375,11,6,28.0,1,1,1,11,hibernating
376,2,6,32.75,5,1,2,51,new_customers
377,3,8,48.25,4,3,3,43,potential_loyalists
378,2,12,56.5,5,4,4,54,champions
379,4,11,43.6,3,4,3,34,loyal_customers
380,15,4,19.65,1,1,1,11,hibernating
381,4,11,74.35000000000001,3,4,5,34,loyal_customers
382,12,7,38.35,1,2,2,12,hibernating
383,4,9,42.75,3,3,3,33,need_attention
384,7,11,77.85,2,4,5,24,at_Risk
385,3,3,9.5,4,1,1,41,promising
386,4,6,30.25,3,1,2,31,about_to_sleep
387,2,7,44.0,5,2,3,52,potential_loyalists
388,7,11,108.1,2,4,5,24,at_Risk
389,10,4,31.4,1,1,2,11,hibernating
390,7,8,44.800000000000004,2,3,3,23,at_Risk
391,8,9,45.0,2,3,3,23,at_Risk
392,6,10,66.95,2,4,4,24,at_Risk
393,10,6,49.3,1,1,3,11,hibernating
394,6,6,77.5,2,1,5,21,hibernating
395,12,10,55.10000000000001,1,4,4,14,at_Risk
396,2,13,85.55,5,5,5,55,champions
397,7,3,12.15,2,1,1,21,hibernating
398,2,10,49.550000000000004,5,4,3,54,champions
399,4,8,36.75,3,3,2,33,need_attention
400,4,10,69.6,3,4,5,34,loyal_customers
401,5,7,33.1,3,2,2,32,about_to_sleep
402,13,6,32.0,1,1,2,11,hibernating
403,4,13,65.55000000000001,3,5,4,35,loyal_customers
404,4,10,36.2,3,4,2,34,loyal_customers
405,5,4,17.5,3,1,1,31,about_to_sleep
406,7,13,75.1,2,5,5,25,cant_loose
407,2,10,46.5,5,4,3,54,champions
408,4,10,79.05,3,4,5,34,loyal_customers
409,12,12,68.4,1,4,4,14,at_Risk
410,4,16,86.3,3,5,5,35,loyal_customers
411,5,7,39.1,3,2,2,32,about_to_sleep
412,7,5,17.5,2,1,1,21,hibernating
413,21,4,35.35,1,1,2,11,hibernating
414,2,9,51.75,5,3,3,53,potential_loyalists
415,20,4,21.0,1,1,1,11,hibernating
416,7,7,45.95,2,2,3,22,hibernating
417,7,6,23.0,2,1,1,21,hibernating
418,10,8,61.15,1,3,4,13,at_Risk
419,6,5,24.2,2,1,1,21,hibernating
420,4,18,111.65,3,5,5,35,loyal_customers
421,4,5,24.45,3,1,1,31,about_to_sleep
422,8,6,28.95,2,1,1,21,hibernating
423,7,6,39.3,2,1,2,21,hibernating
424,4,9,50.55,3,3,3,33,need_attention
425,3,8,48.75,4,3,3,43,potential_loyalists
426,5,8,36.55,3,3,2,33,need_attention
427,27,1,4.0,1,1,1,11,hibernating
428,2,14,78.7,5,5,5,55,champions
429,8,11,69.15,2,4,4,24,at_Risk
430,2,13,77.0,5,5,5,55,champions
431,3,8,39.7,4,3,2,43,potential_loyalists
432,3,11,95.35,4,4,5,44,loyal_customers
433,5,7,44.2,3,2,3,32,about_to_sleep
434,2,8,37.7,5,3,2,53,potential_loyalists
435,4,8,76.85,3,3,5,33,need_attention
436,4,6,33.45,3,1,2,31,about_to_sleep
437,3,15,86.5,4,5,5,45,loyal_customers
438,3,11,64.95,4,4,4,44,loyal_customers
439,2,7,37.75,5,2,2,52,potential_loyalists
440,5,14,66.2,3,5,4,35,loyal_customers
441,2,8,41.05,5,3,2,53,potential_loyalists
442,4,4,22.5,3,1,1,31,about_to_sleep
443,2,5,25.7,5,1,1,51,new_customers
444,2,10,69.1,5,4,4,54,champions
445,9,2,15.75,1,1,1,11,hibernating
446,2,12,81.9,5,4,5,54,champions
447,2,12,71.30000000000001,5,4,5,54,champions
448,4,12,59.6,3,4,4,34,loyal_customers
449,3,8,44.65,4,3,3,43,potential_loyalists
450,6,7,43.55,2,2,3,22,hibernating
451,2,5,28.7,5,1,1,51,new_customers
452,3,6,28.45,4,1,1,41,promising
453,13,9,38.35,1,3,2,13,at_Risk
454,23,5,25.25,1,1,1,11,hibernating
455,3,3,16.25,4,1,1,41,promising
456,3,14,73.3,4,5,5,45,loyal_customers
457,19,4,17.75,1,1,1,11,hibernating
458,9,6,28.45,1,1,1,11,hibernating
459,8,8,38.45,2,3,2,23,at_Risk
460,25,4,15.25,1,1,1,11,hibernating
461,4,9,95.5,3,3,5,33,need_attention
462,5,4,23.549999999999997,3,1,1,31,about_to_sleep
463,15,10,43.55,1,4,3,14,at_Risk
464,10,7,28.2,1,2,1,12,hibernating
465,4,11,66.65,3,4,4,34,loyal_customers
466,2,6,36.15,5,1,2,51,new_customers
467,5,7,38.4,3,2,2,32,about_to_sleep
468,3,4,16.85,4,1,1,41,promising
469,2,8,42.5,5,3,3,53,potential_loyalists
470,5,5,24.5,3,1,1,31,about_to_sleep
471,21,5,26.6,1,1,1,11,hibernating
472,2,11,51.300000000000004,5,4,3,54,champions
473,11,11,54.7,1,4,4,14,at_Risk
474,25,6,25.1,1,1,1,11,hibernating
475,12,5,35.35,1,1,2,11,hibernating
476,2,14,71.05000000000001,5,5,5,55,champions
477,2,9,87.00999999999999,5,3,5,53,potential_loyalists
478,10,3,26.0,1,1,1,11,hibernating
479,2,8,49.5,5,3,3,53,potential_loyalists
480,11,7,38.2,1,2,2,12,hibernating
481,10,10,72.25,1,4,5,14,at_Risk
482,2,8,51.45,5,3,3,53,potential_loyalists
483,10,6,32.9,1,1,2,11,hibernating
484,4,4,24.85,3,1,1,31,about_to_sleep
485,5,9,43.85,3,3,3,33,need_attention
486,4,6,31.25,3,1,2,31,about_to_sleep
487,8,5,32.0,2,1,2,21,hibernating
488,18,5,15.0,1,1,1,11,hibernating
489,9,3,20.85,1,1,1,11,hibernating
490,19,10,56.0,1,4,4,14,at_Risk
491,7,9,67.7,2,3,4,23,at_Risk
492,7,5,26.5,2,1,1,21,hibernating
493,6,12,84.45,2,4,5,24,at_Risk
494,2,5,25.1,5,1,1,51,new_customers
495,6,10,56.7,2,4,4,24,at_Risk
496,10,6,35.3,1,1,2,11,hibernating
497,3,12,59.2,4,4,4,44,loyal_customers
498,11,6,35.45,1,1,2,11,hibernating
499,9,4,20.6,1,1,1,11,hibernating
500,2,15,78.39999999999999,5,5,5,55,champions
501,2,9,44.49999999999999,5,3,3,53,potential_loyalists
502,3,7,51.39999999999999,4,2,3,42,potential_loyalists
503,2,15,101.9,5,5,5,55,champions
504,5,5,47.550000000000004,3,1,3,31,about_to_sleep
505,8,6,31.6,2,1,2,21,hibernating
506,9,7,41.800000000000004,1,2,2,12,hibernating
507,5,11,71.63,3,4,5,34,loyal_customers
508,4,10,42.849999999999994,3,4,3,34,loyal_customers
509,6,7,32.9,2,2,2,22,hibernating
510,7,9,37.0,2,3,2,23,at_Risk
511,2,8,51.25,5,3,3,53,potential_loyalists
512,7,8,38.25,2,3,2,23,at_Risk
513,2,6,29.95,5,1,1,51,new_customers
514,3,7,43.5,4,2,3,42,potential_loyalists
515,7,10,39.5,2,4,2,24,at_Risk
516,6,7,31.6,2,2,2,22,hibernating
517,2,8,41.0,5,3,2,53,potential_loyalists
518,18,6,39.7,1,1,2,11,hibernating
519,7,4,21.75,2,1,1,21,hibernating
520,2,7,54.75,5,2,4,52,potential_loyalists
521,4,7,30.15,3,2,2,32,about_to_sleep
522,7,6,22.25,2,1,1,21,hibernating
523,12,8,55.0,1,3,4,13,at_Risk
524,8,5,23.35,2,1,1,21,hibernating
525,3,8,44.25,4,3,3,43,potential_loyalists
526,11,8,95.2,1,3,5,13,at_Risk
527,5,10,43.3,3,4,3,34,loyal_customers
528,22,6,22.25,1,1,1,11,hibernating
529,7,6,32.650000000000006,2,1,2,21,hibernating
530,7,7,37.5,2,2,2,22,hibernating
531,9,11,55.800000000000004,1,4,4,14,at_Risk
532,7,6,37.65,2,1,2,21,hibernating
533,6,9,66.35,2,3,4,23,at_Risk
534,5,11,61.35,3,4,4,34,loyal_customers
535,7,3,8.05,2,1,1,21,hibernating
536,5,14,65.14999999999999,3,5,4,35,loyal_customers
537,6,8,39.9,2,3,2,23,at_Risk
538,3,7,40.6,4,2,2,42,potential_loyalists
539,2,13,51.4,5,5,3,55,champions
540,6,5,33.629999999999995,2,1,2,21,hibernating
541,2,11,94.65,5,4,5,54,champions
542,8,7,57.35,2,2,4,22,hibernating
543,15,4,25.55,1,1,1,11,hibernating
544,6,9,41.45,2,3,2,23,at_Risk
545,6,8,33.95,2,3,2,23,at_Risk
546,3,10,51.7,4,4,3,44,loyal_customers
547,4,11,69.55,3,4,5,34,loyal_customers
548,3,22,115.44999999999999,4,5,5,45,loyal_customers
549,3,13,93.35000000000001,4,5,5,45,loyal_customers
550,3,9,46.45,4,3,3,43,potential_loyalists
551,4,7,43.0,3,2,3,32,about_to_sleep
552,10,9,45.95,1,3,3,13,at_Risk
553,10,8,46.25,1,3,3,13,at_Risk
554,3,9,43.65,4,3,3,43,potential_loyalists
555,10,6,37.6,1,1,2,11,hibernating
556,2,11,75.05,5,4,5,54,champions
557,4,11,74.7,3,4,5,34,loyal_customers
558,3,15,73.4,4,5,5,45,loyal_customers
559,4,6,35.050000000000004,3,1,2,31,about_to_sleep
560,15,9,49.5,1,3,3,13,at_Risk
561,13,7,55.85,1,2,4,12,hibernating
562,6,5,32.25,2,1,2,21,hibernating
563,3,11,77.1,4,4,5,44,loyal_customers
564,3,11,50.4,4,4,3,44,loyal_customers
565,20,6,45.4,1,1,3,11,hibernating
566,2,9,58.2,5,3,4,53,potential_loyalists
567,3,12,53.550000000000004,4,4,4,44,loyal_customers
568,4,5,27.5,3,1,1,31,about_to_sleep
569,23,5,30.75,1,1,2,11,hibernating
570,10,7,38.6,1,2,2,12,hibernating
571,19,7,34.5,1,2,2,12,hibernating
572,3,8,44.7,4,3,3,43,potential_loyalists
573,3,11,76.25,4,4,5,44,loyal_customers
574,2,13,76.69999999999999,5,5,5,55,champions
575,5,5,29.2,3,1,1,31,about_to_sleep
576,5,4,22.0,3,1,1,31,about_to_sleep
577,6,10,61.75,2,4,4,24,at_Risk
578,10,6,26.4,1,1,1,11,hibernating
579,4,15,77.1,3,5,5,35,loyal_customers
580,5,9,51.7,3,3,3,33,need_attention
581,2,8,93.75,5,3,5,53,potential_loyalists
582,6,3,9.75,2,1,1,21,hibernating
583,23,4,20.7,1,1,1,11,hibernating
584,4,12,48.550000000000004,3,4,3,34,loyal_customers
585,9,7,34.3,1,2,2,12,hibernating
586,3,13,58.75,4,5,4,45,loyal_customers
587,6,9,55.7,2,3,4,23,at_Risk
588,11,4,19.1,1,1,1,11,hibernating
589,3,10,50.35,4,4,3,44,loyal_customers
590,10,6,32.1,1,1,2,11,hibernating
591,2,10,68.75,5,4,4,54,champions
592,4,7,48.599999999999994,3,2,3,32,about_to_sleep
593,5,5,29.7,3,1,1,31,about_to_sleep
594,5,6,30.4,3,1,2,31,about_to_sleep
595,6,7,39.0,2,2,2,22,hibernating
596,3,9,48.45,4,3,3,43,potential_loyalists
597,3,11,71.25,4,4,5,44,loyal_customers
598,3,12,93.55000000000001,4,4,5,44,loyal_customers
599,3,13,106.1,4,5,5,45,loyal_customers
600,5,4,24.25,3,1,1,31,about_to_sleep
601,2,13,77.95,5,5,5,55,champions
602,8,9,55.2,2,3,4,23,at_Risk
603,10,8,60.35,1,3,4,13,at_Risk
604,2,5,15.7,5,1,1,51,new_customers
605,21,6,34.18,1,1,2,11,hibernating
606,5,7,43.9,3,2,3,32,about_to_sleep
607,6,12,54.6,2,4,4,24,at_Risk
608,5,21,107.7,3,5,5,35,loyal_customers
609,24,2,5.5,1,1,1,11,hibernating
610,10,15,99.85,1,5,5,15,cant_loose
611,4,6,32.6,3,1,2,31,about_to_sleep
612,6,14,79.2,2,5,5,25,cant_loose
613,18,8,46.75,1,3,3,13,at_Risk
614,21,4,21.75,1,1,1,11,hibernating
615,5,8,31.15,3,3,2,33,need_attention
616,3,9,47.25,4,3,3,43,potential_loyalists
617,3,10,36.2,4,4,2,44,loyal_customers
618,2,6,23.7,5,1,1,51,new_customers
619,4,6,31.25,3,1,2,31,about_to_sleep
620,9,6,26.75,1,1,1,11,hibernating
621,5,10,50.6,3,4,3,34,loyal_customers
622,4,7,41.35,3,2,2,32,about_to_sleep
623,24,2,8.0,1,1,1,11,hibernating
624,5,10,53.05,3,4,3,34,loyal_customers
625,3,10,58.7,4,4,4,44,loyal_customers
626,4,6,32.0,3,1,2,31,about_to_sleep
627,2,9,62.4,5,3,4,53,potential_loyalists
628,6,10,63.5,2,4,4,24,at_Risk
629,5,10,44.45,3,4,3,34,loyal_customers
630,28,3,12.15,1,1,1,11,hibernating
631,2,9,48.45,5,3,3,53,potential_loyalists
632,3,7,40.9,4,2,2,42,potential_loyalists
633,2,8,33.95,5,3,2,53,potential_loyalists
634,5,11,95.0,3,4,5,34,loyal_customers
635,7,5,19.25,2,1,1,21,hibernating
636,2,8,47.1,5,3,3,53,potential_loyalists
637,18,10,51.6,1,4,3,14,at_Risk
638,7,6,22.15,2,1,1,21,hibernating
639,7,9,40.5,2,3,2,23,at_Risk
640,2,10,54.199999999999996,5,4,4,54,champions
641,11,12,60.1,1,4,4,14,at_Risk
642,5,12,75.75,3,4,5,34,loyal_customers
643,3,10,93.65,4,4,5,44,loyal_customers
644,5,5,30.9,3,1,2,31,about_to_sleep
645,4,8,43.25,3,3,3,33,need_attention
646,4,8,40.5,3,3,2,33,need_attention
647,3,7,34.4,4,2,2,42,potential_loyalists
648,7,10,90.55,2,4,5,24,at_Risk
649,4,6,78.0,3,1,5,31,about_to_sleep
650,2,10,46.6,5,4,3,54,champions
651,5,11,69.2,3,4,5,34,loyal_customers
652,9,12,56.35,1,4,4,14,at_Risk
653,3,11,106.6,4,4,5,44,loyal_customers
654,5,4,16.2,3,1,1,31,about_to_sleep
655,2,11,54.1,5,4,4,54,champions
656,4,10,55.75,3,4,4,34,loyal_customers
657,9,6,39.35,1,1,2,11,hibernating
658,3,7,36.65,4,2,2,42,potential_loyalists
659,2,13,75.25,5,5,5,55,champions
660,11,5,28.2,1,1,1,11,hibernating
661,2,13,72.1,5,5,5,55,champions
662,3,8,43.449999999999996,4,3,3,43,potential_loyalists
663,5,12,68.35,3,4,4,34,loyal_customers
664,3,16,102.15,4,5,5,45,loyal_customers
665,8,9,71.6,2,3,5,23,at_Risk
666,9,10,38.15,1,4,2,14,at_Risk
667,3,8,41.8,4,3,2,43,potential_loyalists
668,4,5,34.7,3,1,2,31,about_to_sleep
669,7,10,62.300000000000004,2,4,4,24,at_Risk
670,5,10,67.7,3,4,4,34,loyal_customers
671,2,4,26.75,5,1,1,51,new_customers
672,4,9,33.75,3,3,2,33,need_attention
673,2,5,26.1,5,1,1,51,new_customers
674,3,15,72.2,4,5,5,45,loyal_customers
675,22,7,21.7,1,2,1,12,hibernating
676,3,16,76.39999999999999,4,5,5,45,loyal_customers
677,5,8,42.85,3,3,3,33,need_attention
678,9,11,66.1,1,4,4,14,at_Risk
679,7,7,43.300000000000004,2,2,3,22,hibernating
680,2,6,32.9,5,1,2,51,new_customers
681,7,10,53.4,2,4,4,24,at_Risk
682,5,2,9.3,3,1,1,31,about_to_sleep
683,3,10,59.55,4,4,4,44,loyal_customers
684,3,13,65.4,4,5,4,45,loyal_customers
685,6,10,50.0,2,4,3,24,at_Risk
686,4,14,88.9,3,5,5,35,loyal_customers
687,2,18,115.19999999999999,5,5,5,55,champions
688,19,9,70.65,1,3,5,13,at_Risk
689,4,11,57.25,3,4,4,34,loyal_customers
690,7,5,24.5,2,1,1,21,hibernating
691,3,9,40.6,4,3,2,43,potential_loyalists
692,9,11,54.75,1,4,4,14,at_Risk
693,19,10,55.0,1,4,4,14,at_Risk
694,4,9,38.85,3,3,2,33,need_attention
695,11,12,70.44999999999999,1,4,5,14,at_Risk
696,25,5,29.75,1,1,1,11,hibernating
697,3,15,91.35,4,5,5,45,loyal_customers
698,3,8,54.5,4,3,4,43,potential_loyalists
699,6,8,39.7,2,3,2,23,at_Risk
700,18,7,29.0,1,2,1,12,hibernating
701,12,9,39.75000000000001,1,3,2,13,at_Risk
702,2,9,44.1,5,3,3,53,potential_loyalists
703,4,13,78.0,3,5,5,35,loyal_customers
704,4,11,82.2,3,4,5,34,loyal_customers
705,7,5,23.5,2,1,1,21,hibernating
706,6,9,39.0,2,3,2,23,at_Risk
707,5,16,103.65,3,5,5,35,loyal_customers
708,8,8,37.6,2,3,2,23,at_Risk
709,7,11,77.65,2,4,5,24,at_Risk
710,2,12,74.94999999999999,5,4,5,54,champions
711,6,7,42.95,2,2,3,22,hibernating
712,9,7,52.25,1,2,3,12,hibernating
713,26,3,15.75,1,1,1,11,hibernating
714,4,9,36.0,3,3,2,33,need_attention
715,2,8,38.95,5,3,2,53,potential_loyalists
716,9,8,37.25,1,3,2,13,at_Risk
717,11,6,23.65,1,1,1,11,hibernating
718,3,7,45.900000000000006,4,2,3,42,potential_loyalists
719,3,8,67.3,4,3,4,43,potential_loyalists
720,6,8,37.45,2,3,2,23,at_Risk
721,20,5,21.2,1,1,1,11,hibernating
722,2,11,48.35,5,4,3,54,champions
723,9,9,51.95,1,3,3,13,at_Risk
724,5,9,45.75,3,3,3,33,need_attention
725,2,10,63.150000000000006,5,4,4,54,champions
726,18,10,53.9,1,4,4,14,at_Risk
727,3,15,74.44999999999999,4,5,5,45,loyal_customers
728,7,12,65.45,2,4,4,24,at_Risk
729,2,12,59.150000000000006,5,4,4,54,champions
730,3,8,48.4,4,3,3,43,potential_loyalists
731,3,12,65.3,4,4,4,44,loyal_customers
732,7,10,60.35,2,4,4,24,at_Risk
733,3,9,41.15,4,3,2,43,potential_loyalists
734,3,13,71.85,4,5,5,45,loyal_customers
735,5,15,79.7,3,5,5,35,loyal_customers
736,5,9,62.6,3,3,4,33,need_attention
737,2,7,36.95,5,2,2,52,potential_loyalists
738,8,7,43.65,2,2,3,22,hibernating
739,3,5,26.0,4,1,1,41,promising
740,2,5,31.6,5,1,2,51,new_customers
741,6,3,14.5,2,1,1,21,hibernating
742,8,5,27.8,2,1,1,21,hibernating
743,2,11,59.9,5,4,4,54,champions
744,2,8,40.25,5,3,2,53,potential_loyalists
745,6,10,45.85,2,4,3,24,at_Risk
746,10,8,81.65,1,3,5,13,at_Risk
747,10,6,35.0,1,1,2,11,hibernating
748,3,12,78.65,4,4,5,44,loyal_customers
749,11,5,25.5,1,1,1,11,hibernating
750,7,4,20.0,2,1,1,21,hibernating
751,13,10,70.5,1,4,5,14,at_Risk
752,5,4,23.45,3,1,1,31,about_to_sleep
753,6,11,58.45,2,4,4,24,at_Risk
754,6,6,52.400000000000006,2,1,3,21,hibernating
755,2,5,26.4,5,1,1,51,new_customers
756,2,12,60.9,5,4,4,54,champions
757,14,8,36.3,1,3,2,13,at_Risk
758,20,9,48.3,1,3,3,13,at_Risk
759,5,5,26.5,3,1,1,31,about_to_sleep
760,2,8,35.6,5,3,2,53,potential_loyalists
761,4,4,24.4,3,1,1,31,about_to_sleep
762,4,12,64.5,3,4,4,34,loyal_customers
763,9,11,66.0,1,4,4,14,at_Risk
764,10,8,45.800000000000004,1,3,3,13,at_Risk
765,8,8,59.900000000000006,2,3,4,23,at_Risk
766,20,5,23.3,1,1,1,11,hibernating
767,8,10,101.8,2,4,5,24,at_Risk
768,2,8,62.95,5,3,4,53,potential_loyalists
769,4,12,69.25,3,4,5,34,loyal_customers
770,3,7,27.75,4,2,1,42,potential_loyalists
771,3,7,35.25,4,2,2,42,potential_loyalists
772,2,10,41.05,5,4,2,54,champions
773,2,13,72.25,5,5,5,55,champions
774,5,10,43.35,3,4,3,34,loyal_customers
775,10,6,34.2,1,1,2,11,hibernating
776,5,13,68.9,3,5,4,35,loyal_customers
777,3,8,71.25,4,3,5,43,potential_loyalists
778,7,8,45.300000000000004,2,3,3,23,at_Risk
779,2,10,55.199999999999996,5,4,4,54,champions
780,4,5,26.299999999999997,3,1,1,31,about_to_sleep
781,24,10,49.75,1,4,3,14,at_Risk
782,11,5,22.95,1,1,1,11,hibernating
783,5,4,21.2,3,1,1,31,about_to_sleep
784,11,7,40.3,1,2,2,12,hibernating
785,2,11,53.2,5,4,3,54,champions
786,10,4,35.0,1,1,2,11,hibernating
787,5,5,28.75,3,1,1,31,about_to_sleep
788,7,7,38.6,2,2,2,22,hibernating
789,2,9,53.2,5,3,3,53,potential_loyalists
790,8,10,63.900000000000006,2,4,4,24,at_Risk
791,19,8,41.0,1,3,2,13,at_Risk
792,11,4,12.0,1,1,1,11,hibernating
793,9,6,34.0,1,1,2,11,hibernating
794,7,9,67.0,2,3,4,23,at_Risk
795,10,9,80.0,1,3,5,13,at_Risk
796,5,11,70.8,3,4,5,34,loyal_customers
797,4,5,33.25,3,1,2,31,about_to_sleep
798,6,12,65.60000000000001,2,4,4,24,at_Risk
799,7,7,42.25,2,2,3,22,hibernating
800,2,7,43.2,5,2,3,52,potential_loyalists
5000,3,4,21.0,4,1,1,41,promising
5001,2,7,39.199999999999996,5,2,2,52,potential_loyalists
5002,2,8,46.95,5,3,3,53,potential_loyalists
5003,2,6,39.25,5,1,2,51,new_customers
5004,18,6,35.4,1,1,2,11,hibernating
5005,3,8,43.15,4,3,3,43,potential_loyalists
5006,2,9,47.5,5,3,3,53,potential_loyalists
5007,5,5,26.3,3,1,1,31,about_to_sleep
5008,3,4,19.0,4,1,1,41,promising
5009,4,11,63.949999999999996,3,4,4,34,loyal_customers
5010,2,6,39.1,5,1,2,51,new_customers
5011,3,6,19.25,4,1,1,41,promising
5012,5,7,67.0,3,2,4,32,about_to_sleep
5013,2,8,44.15,5,3,3,53,potential_loyalists
5014,3,8,50.150000000000006,4,3,3,43,potential_loyalists
5015,2,6,36.099999999999994,5,1,2,51,new_customers
5016,19,6,29.9,1,1,1,11,hibernating
5017,3,7,35.55,4,2,2,42,potential_loyalists
5018,18,4,17.5,1,1,1,11,hibernating
5019,10,3,13.5,1,1,1,11,hibernating
5020,8,11,63.5,2,4,4,24,at_Risk
5021,5,8,38.0,3,3,2,33,need_attention
5022,3,5,18.65,4,1,1,41,promising
5023,2,7,48.3,5,2,3,52,potential_loyalists
5024,3,2,7.1,4,1,1,41,promising
5025,6,9,55.9,2,3,4,23,at_Risk
5026,6,15,168.75,2,5,5,25,cant_loose
5027,21,4,63.5,1,1,4,11,hibernating
5028,2,5,27.85,5,1,1,51,new_customers
5029,2,8,44.05,5,3,3,53,potential_loyalists
5030,3,8,42.75,4,3,3,43,potential_loyalists
5031,13,5,19.0,1,1,1,11,hibernating
5032,10,7,51.45,1,2,3,12,hibernating
5033,2,14,141.45,5,5,5,55,champions
5034,2,3,15.5,5,1,1,51,new_customers
5035,2,10,62.400000000000006,5,4,4,54,champions
5036,14,6,32.35,1,1,2,11,hibernating
5037,3,3,20.6,4,1,1,41,promising
5038,15,8,42.0,1,3,3,13,at_Risk
5039,5,8,57.95,3,3,4,33,need_attention
5040,2,14,81.15,5,5,5,55,champions
5041,5,3,13.9,3,1,1,31,about_to_sleep
5042,2,7,42.349999999999994,5,2,3,52,potential_loyalists
5043,4,7,32.2,3,2,2,32,about_to_sleep
5044,2,6,40.5,5,1,2,51,new_customers
5045,2,9,42.85,5,3,3,53,potential_loyalists
5046,5,9,50.35,3,3,3,33,need_attention
5047,3,4,16.7,4,1,1,41,promising
5048,8,6,47.45,2,1,3,21,hibernating
5049,4,8,72.0,3,3,5,33,need_attention
5050,3,5,14.75,4,1,1,41,promising
5051,2,5,21.25,5,1,1,51,new_customers
5052,2,7,29.8,5,2,1,52,potential_loyalists
5053,2,5,27.45,5,1,1,51,new_customers
5054,7,6,34.849999999999994,2,1,2,21,hibernating
5055,15,11,59.7,1,4,4,14,at_Risk
5056,3,8,52.35,4,3,3,43,potential_loyalists
5057,7,11,66.4,2,4,4,24,at_Risk
5058,3,6,61.2,4,1,4,41,promising
5059,2,6,28.5,5,1,1,51,new_customers
5060,2,6,40.85,5,1,2,51,new_customers
5061,18,9,36.75,1,3,2,13,at_Risk
5062,5,11,68.95,3,4,4,34,loyal_customers
5063,2,6,29.55,5,1,1,51,new_customers
5064,2,7,42.85,5,2,3,52,potential_loyalists
5065,2,7,35.4,5,2,2,52,potential_loyalists
5066,6,4,38.25,2,1,2,21,hibernating
5067,2,5,27.9,5,1,1,51,new_customers
5068,3,7,55.85,4,2,4,42,potential_loyalists
5069,3,7,43.099999999999994,4,2,3,42,potential_loyalists
5070,7,11,51.550000000000004,2,4,3,24,at_Risk
5071,2,16,91.8,5,5,5,55,champions
5072,5,7,58.0,3,2,4,32,about_to_sleep
5073,2,6,44.9,5,1,3,51,new_customers
5074,3,7,38.6,4,2,2,42,potential_loyalists
5075,4,8,38.5,3,3,2,33,need_attention
5076,30,1,7.5,1,1,1,11,hibernating
5077,6,7,41.4,2,2,2,22,hibernating
5078,14,5,33.95,1,1,2,11,hibernating
5079,3,6,33.4,4,1,2,41,promising
5080,13,4,33.15,1,1,2,11,hibernating
5081,2,8,69.25,5,3,5,53,potential_loyalists
5082,3,10,54.35,4,4,4,44,loyal_customers
5083,3,12,78.0,4,4,5,44,loyal_customers
5084,2,15,108.69999999999999,5,5,5,55,champions
5085,3,10,62.75,4,4,4,44,loyal_customers
5086,5,6,40.099999999999994,3,1,2,31,about_to_sleep
5087,6,5,35.55,2,1,2,21,hibernating
5088,15,7,40.9,1,2,2,12,hibernating
5089,6,7,25.6,2,2,1,22,hibernating
5090,2,11,52.96,5,4,3,54,champions
5091,2,14,131.4,5,5,5,55,champions
5092,2,8,39.75,5,3,2,53,potential_loyalists
5093,3,8,43.3,4,3,3,43,potential_loyalists
5094,3,7,30.15,4,2,2,42,potential_loyalists
5095,3,7,50.8,4,2,3,42,potential_loyalists
5096,4,11,48.849999999999994,3,4,3,34,loyal_customers
5097,2,11,78.64999999999999,5,4,5,54,champions
5098,4,4,36.7,3,1,2,31,about_to_sleep
5099,11,4,25.25,1,1,1,11,hibernating
5100,4,12,81.8,3,4,5,34,loyal_customers
5101,19,5,34.7,1,1,2,11,hibernating
5102,10,7,34.75,1,2,2,12,hibernating
5103,2,6,27.25,5,1,1,51,new_customers
5104,10,4,24.45,1,1,1,11,hibernating
5105,2,6,27.45,5,1,1,51,new_customers
5106,2,15,78.35000000000001,5,5,5,55,champions
5107,4,7,34.65,3,2,2,32,about_to_sleep
5108,3,8,56.65,4,3,4,43,potential_loyalists
5109,2,6,38.4,5,1,2,51,new_customers
5110,3,7,36.85,4,2,2,42,potential_loyalists
5111,4,8,43.35,3,3,3,33,need_attention
5112,3,6,64.46,4,1,4,41,promising
5113,2,6,24.1,5,1,1,51,new_customers
5114,15,6,44.4,1,1,3,11,hibernating
5115,9,10,54.85,1,4,4,14,at_Risk
5116,3,9,45.99999999999999,4,3,3,43,potential_loyalists
5117,10,4,20.65,1,1,1,11,hibernating
5118,15,4,19.5,1,1,1,11,hibernating
5119,6,7,42.49999999999999,2,2,3,22,hibernating
5120,8,7,50.11,2,2,3,22,hibernating
5121,3,6,27.25,4,1,1,41,promising
5122,3,6,48.25,4,1,3,41,promising
5123,2,8,47.25,5,3,3,53,potential_loyalists
5124,4,7,71.35,3,2,5,32,about_to_sleep
5125,13,5,67.9,1,1,4,11,hibernating
5126,13,6,34.5,1,1,2,11,hibernating
5127,3,6,37.0,4,1,2,41,promising
5128,19,5,31.15,1,1,2,11,hibernating
5129,19,6,40.75,1,1,2,11,hibernating
5130,3,6,64.35,4,1,4,41,promising
5131,10,4,14.6,1,1,1,11,hibernating
5132,4,10,44.2,3,4,3,34,loyal_customers
5133,18,2,17.5,1,1,1,11,hibernating
5134,3,8,44.7,4,3,3,43,potential_loyalists
5135,3,6,37.1,4,1,2,41,promising
5136,6,7,42.25,2,2,3,22,hibernating
5137,2,8,38.5,5,3,2,53,potential_loyalists
5138,18,6,35.1,1,1,2,11,hibernating
5139,3,7,32.0,4,2,2,42,potential_loyalists
5140,2,6,26.45,5,1,1,51,new_customers
5141,2,8,42.2,5,3,3,53,potential_loyalists
5142,2,6,25.75,5,1,1,51,new_customers
5143,12,5,26.5,1,1,1,11,hibernating
5144,10,11,63.46,1,4,4,14,at_Risk
5145,2,10,66.30000000000001,5,4,4,54,champions
5146,9,8,54.15,1,3,4,13,at_Risk
5147,26,1,3.0,1,1,1,11,hibernating
5148,12,4,22.0,1,1,1,11,hibernating
5149,3,5,24.1,4,1,1,41,promising
5150,4,6,60.5,3,1,4,31,about_to_sleep
5151,4,7,40.7,3,2,2,32,about_to_sleep
5152,3,5,31.2,4,1,2,41,promising
5153,20,4,22.0,1,1,1,11,hibernating
5154,10,9,47.0,1,3,3,13,at_Risk
5155,17,4,24.4,1,1,1,11,hibernating
5156,4,4,16.0,3,1,1,31,about_to_sleep
5157,2,10,53.099999999999994,5,4,3,54,champions
5158,2,9,52.05,5,3,3,53,potential_loyalists
5159,3,9,48.65,4,3,3,43,potential_loyalists
5160,25,5,24.35,1,1,1,11,hibernating
5161,3,5,24.900000000000002,4,1,1,41,promising
5162,7,9,44.800000000000004,2,3,3,23,at_Risk
5163,2,14,69.85,5,5,5,55,champions
5164,3,9,66.15,4,3,4,43,potential_loyalists
5165,2,6,29.85,5,1,1,51,new_customers
5166,3,10,60.1,4,4,4,44,loyal_customers
5167,2,9,41.349999999999994,5,3,2,53,potential_loyalists
5168,2,7,38.599999999999994,5,2,2,52,potential_loyalists
5169,2,6,45.75,5,1,3,51,new_customers
5170,2,5,30.75,5,1,2,51,new_customers
5171,3,10,65.75,4,4,4,44,loyal_customers
5172,4,3,22.35,3,1,1,31,about_to_sleep
5173,5,5,27.1,3,1,1,31,about_to_sleep
5174,2,9,66.75,5,3,4,53,potential_loyalists
5175,3,3,24.75,4,1,1,41,promising
5176,8,8,51.449999999999996,2,3,3,23,at_Risk
5177,19,6,31.7,1,1,2,11,hibernating
5178,2,7,46.7,5,2,3,52,potential_loyalists
5179,3,7,42.9,4,2,3,42,potential_loyalists
5180,3,7,41.55,4,2,2,42,potential_loyalists
5181,15,6,46.0,1,1,3,11,hibernating
5182,5,9,52.35,3,3,3,33,need_attention
5183,15,4,27.150000000000002,1,1,1,11,hibernating
5184,18,7,37.1,1,2,2,12,hibernating
5185,8,7,34.9,2,2,2,22,hibernating
5186,2,6,31.25,5,1,2,51,new_customers
5187,2,12,64.3,5,4,4,54,champions
5188,20,2,10.5,1,1,1,11,hibernating
5189,2,6,30.2,5,1,2,51,new_customers
5190,2,8,45.94,5,3,3,53,potential_loyalists
5191,3,6,38.0,4,1,2,41,promising
5192,7,7,50.4,2,2,3,22,hibernating
5193,2,8,43.95,5,3,3,53,potential_loyalists
5194,3,5,18.5,4,1,1,41,promising
5195,7,9,43.5,2,3,3,23,at_Risk
5196,3,10,74.19,4,4,5,44,loyal_customers
5197,3,7,27.65,4,2,1,42,potential_loyalists
5198,5,8,42.25,3,3,3,33,need_attention
5199,5,6,48.0,3,1,3,31,about_to_sleep
5200,2,4,28.3,5,1,1,51,new_customers
5201,8,10,62.900000000000006,2,4,4,24,at_Risk
5202,25,4,20.5,1,1,1,11,hibernating
5203,3,12,69.0,4,4,4,44,loyal_customers
5204,10,7,47.53,1,2,3,12,hibernating
5205,2,8,58.0,5,3,4,53,potential_loyalists
5206,19,2,17.0,1,1,1,11,hibernating
5207,20,6,43.959999999999994,1,1,3,11,hibernating
5208,3,9,57.699999999999996,4,3,4,43,potential_loyalists
5209,8,8,47.8,2,3,3,23,at_Risk
5210,3,7,52.1,4,2,3,42,potential_loyalists
5211,2,7,37.75,5,2,2,52,potential_loyalists
5212,2,6,23.1,5,1,1,51,new_customers
5213,3,9,74.0,4,3,5,43,potential_loyalists
5214,9,3,20.0,1,1,1,11,hibernating
5215,16,4,21.0,1,1,1,11,hibernating
5216,2,5,38.25,5,1,2,51,new_customers
5217,11,3,21.85,1,1,1,11,hibernating
5218,2,10,52.9,5,4,3,54,champions
5219,4,4,33.5,3,1,2,31,about_to_sleep
5220,3,9,57.1,4,3,4,43,potential_loyalists
5221,5,7,34.55,3,2,2,32,about_to_sleep
5222,3,10,61.35,4,4,4,44,loyal_customers
5223,2,6,49.75,5,1,3,51,new_customers
5224,2,10,55.199999999999996,5,4,4,54,champions
5225,2,13,70.95,5,5,5,55,champions
5226,2,7,27.3,5,2,1,52,potential_loyalists
5227,4,7,49.7,3,2,3,32,about_to_sleep
5228,3,14,104.05,4,5,5,45,loyal_customers
5229,18,11,58.1,1,4,4,14,at_Risk
5230,20,6,32.9,1,1,2,11,hibernating
5231,2,7,32.75,5,2,2,52,potential_loyalists
5232,3,10,55.800000000000004,4,4,4,44,loyal_customers
5233,7,8,70.8,2,3,5,23,at_Risk
5234,12,5,25.05,1,1,1,11,hibernating
5235,5,5,21.4,3,1,1,31,about_to_sleep
5236,12,8,40.150000000000006,1,3,2,13,at_Risk
5237,8,4,34.8,2,1,2,21,hibernating
5238,7,6,53.7,2,1,4,21,hibernating
5239,2,4,22.95,5,1,1,51,new_customers
5240,2,5,39.35,5,1,2,51,new_customers
5241,3,3,14.75,4,1,1,41,promising
5242,2,8,44.2,5,3,3,53,potential_loyalists
5243,18,6,30.5,1,1,2,11,hibernating
5244,2,9,77.65,5,3,5,53,potential_loyalists
5245,12,11,61.1,1,4,4,14,at_Risk
5246,2,8,43.459999999999994,5,3,3,53,potential_loyalists
5247,18,7,39.2,1,2,2,12,hibernating
5248,13,3,14.459999999999999,1,1,1,11,hibernating
5249,3,9,43.75,4,3,3,43,potential_loyalists
5250,3,5,28.9,4,1,1,41,promising
5251,2,4,21.35,5,1,1,51,new_customers
5252,2,5,26.0,5,1,1,51,new_customers
5253,7,4,27.2,2,1,1,21,hibernating
5254,3,6,24.75,4,1,1,41,promising
5255,3,5,33.75,4,1,2,41,promising
5256,2,7,34.45,5,2,2,52,potential_loyalists
5257,5,10,74.0,3,4,5,34,loyal_customers
5258,2,6,22.85,5,1,1,51,new_customers
5259,6,10,48.550000000000004,2,4,3,24,at_Risk
5260,17,5,20.7,1,1,1,11,hibernating
5261,6,6,40.7,2,1,2,21,hibernating
5262,3,12,62.65,4,4,4,44,loyal_customers
5263,3,7,38.75,4,2,2,42,potential_loyalists
5264,23,4,25.25,1,1,1,11,hibernating
5265,2,12,61.6,5,4,4,54,champions
5266,3,6,35.95,4,1,2,41,promising
5267,2,7,38.75,5,2,2,52,potential_loyalists
5268,4,7,45.6,3,2,3,32,about_to_sleep
5269,6,9,38.55,2,3,2,23,at_Risk
5270,2,10,46.4,5,4,3,54,champions
5271,11,7,44.95,1,2,3,12,hibernating
5272,8,10,62.95,2,4,4,24,at_Risk
5273,7,5,31.05,2,1,2,21,hibernating
5274,2,11,69.85,5,4,5,54,champions
5275,9,7,40.45,1,2,2,12,hibernating
5276,2,4,23.6,5,1,1,51,new_customers
5277,6,7,50.7,2,2,3,22,hibernating
5278,20,6,37.2,1,1,2,11,hibernating
5279,4,9,59.75000000000001,3,3,4,33,need_attention
5280,3,4,27.5,4,1,1,41,promising
5281,2,12,68.95,5,4,4,54,champions
5282,15,6,40.5,1,1,2,11,hibernating
5283,3,10,52.099999999999994,4,4,3,44,loyal_customers
5284,3,10,51.7,4,4,3,44,loyal_customers
5285,25,6,27.5,1,1,1,11,hibernating
5286,2,10,66.1,5,4,4,54,champions
5287,16,6,36.15,1,1,2,11,hibernating
5288,2,7,37.290000000000006,5,2,2,52,potential_loyalists
5289,2,7,42.7,5,2,3,52,potential_loyalists
5290,7,9,55.650000000000006,2,3,4,23,at_Risk
5291,8,6,36.8,2,1,2,21,hibernating
5292,6,7,34.25,2,2,2,22,hibernating
5293,3,6,42.400000000000006,4,1,3,41,promising
5294,2,5,43.1,5,1,3,51,new_customers
5295,9,7,31.200000000000003,1,2,2,12,hibernating
5296,6,7,32.95,2,2,2,22,hibernating
5297,3,5,22.85,4,1,1,41,promising
5298,4,9,69.85,3,3,5,33,need_attention
5299,19,3,19.75,1,1,1,11,hibernating
5300,11,5,27.45,1,1,1,11,hibernating
5301,2,12,82.7,5,4,5,54,champions
5302,2,7,40.65,5,2,2,52,potential_loyalists
5303,3,12,78.39999999999999,4,4,5,44,loyal_customers
5304,2,9,65.6,5,3,4,53,potential_loyalists
5305,7,7,32.7,2,2,2,22,hibernating
5306,2,9,44.0,5,3,3,53,potential_loyalists
5307,4,7,41.2,3,2,2,32,about_to_sleep
5308,7,6,29.05,2,1,1,21,hibernating
5309,9,6,32.35,1,1,2,11,hibernating
5310,2,7,51.1,5,2,3,52,potential_loyalists
5311,3,7,36.1,4,2,2,42,potential_loyalists
5312,9,4,16.55,1,1,1,11,hibernating
5313,22,5,35.25,1,1,2,11,hibernating
5314,13,7,63.7,1,2,4,12,hibernating
5315,16,7,52.45,1,2,3,12,hibernating
5316,3,4,27.35,4,1,1,41,promising
5317,5,6,31.85,3,1,2,31,about_to_sleep
5318,7,10,62.9,2,4,4,24,at_Risk
5319,3,7,41.0,4,2,2,42,potential_loyalists
5320,7,8,48.75,2,3,3,23,at_Risk
5321,2,8,45.4,5,3,3,53,potential_loyalists
5322,2,12,57.95,5,4,4,54,champions
5323,7,6,49.05,2,1,3,21,hibernating
5324,2,4,18.4,5,1,1,51,new_customers
5325,26,4,24.4,1,1,1,11,hibernating
5326,2,9,40.35,5,3,2,53,potential_loyalists
5327,4,7,58.05,3,2,4,32,about_to_sleep
5328,2,7,47.95,5,2,3,52,potential_loyalists
5329,11,7,40.95,1,2,2,12,hibernating
5330,2,5,26.0,5,1,1,51,new_customers
5331,2,10,64.6,5,4,4,54,champions
5332,2,10,63.05,5,4,4,54,champions
5333,3,7,33.349999999999994,4,2,2,42,potential_loyalists
5334,3,6,36.2,4,1,2,41,promising
5335,8,7,42.75,2,2,3,22,hibernating
5336,13,4,21.0,1,1,1,11,hibernating
5337,2,5,24.75,5,1,1,51,new_customers
5338,3,5,27.049999999999997,4,1,1,41,promising
5339,14,6,51.2,1,1,3,11,hibernating
5340,4,4,29.200000000000003,3,1,1,31,about_to_sleep
5341,3,7,43.5,4,2,3,42,potential_loyalists
5342,2,6,32.25,5,1,2,51,new_customers
5343,2,4,25.0,5,1,1,51,new_customers
5344,4,7,43.050000000000004,3,2,3,32,about_to_sleep
5345,3,8,54.05,4,3,4,43,potential_loyalists
5346,2,3,17.45,5,1,1,51,new_customers
5347,2,15,83.39,5,5,5,55,champions
5348,14,7,40.1,1,2,2,12,hibernating
5349,2,8,46.949999999999996,5,3,3,53,potential_loyalists
5350,2,6,25.6,5,1,1,51,new_customers
5351,2,5,29.0,5,1,1,51,new_customers
5352,2,10,54.8,5,4,4,54,champions
5353,6,5,25.0,2,1,1,21,hibernating
5354,4,9,93.9,3,3,5,33,need_attention
5355,2,10,50.4,5,4,3,54,champions
5356,2,6,35.25,5,1,2,51,new_customers
5357,7,6,24.45,2,1,1,21,hibernating
5358,7,6,21.2,2,1,1,21,hibernating
5359,2,8,64.3,5,3,4,53,potential_loyalists
5360,2,9,38.5,5,3,2,53,potential_loyalists
5361,2,8,42.1,5,3,3,53,potential_loyalists
5362,6,5,39.9,2,1,2,21,hibernating
5363,2,5,23.95,5,1,1,51,new_customers
5364,2,5,28.8,5,1,1,51,new_customers
5365,27,2,14.6,1,1,1,11,hibernating
5366,18,3,17.1,1,1,1,11,hibernating
5367,7,6,37.6,2,1,2,21,hibernating
5368,7,8,48.5,2,3,3,23,at_Risk
5369,27,2,11.0,1,1,1,11,hibernating
5370,9,5,23.6,1,1,1,11,hibernating
5371,8,6,48.75,2,1,3,21,hibernating
5372,6,11,53.800000000000004,2,4,4,24,at_Risk
5373,3,7,34.650000000000006,4,2,2,42,potential_loyalists
5374,2,5,25.7,5,1,1,51,new_customers
5375,2,9,57.25,5,3,4,53,potential_loyalists
5376,18,11,54.5,1,4,4,14,at_Risk
5377,2,6,29.95,5,1,1,51,new_customers
5378,2,7,45.05,5,2,3,52,potential_loyalists
5379,3,6,43.150000000000006,4,1,3,41,promising
5380,5,6,49.550000000000004,3,1,3,31,about_to_sleep
5381,2,5,24.35,5,1,1,51,new_customers
5382,2,8,37.9,5,3,2,53,potential_loyalists
5383,2,9,51.85,5,3,3,53,potential_loyalists
5384,4,11,57.8,3,4,4,34,loyal_customers
5385,5,5,28.45,3,1,1,31,about_to_sleep
5386,3,9,43.349999999999994,4,3,3,43,potential_loyalists
5387,2,7,65.25,5,2,4,52,potential_loyalists
5388,10,11,63.0,1,4,4,14,at_Risk
5389,2,11,62.85,5,4,4,54,champions
5390,2,6,33.0,5,1,2,51,new_customers
5391,3,10,53.25,4,4,3,44,loyal_customers
5392,3,10,54.849999999999994,4,4,4,44,loyal_customers
5393,3,10,85.2,4,4,5,44,loyal_customers
5394,14,3,18.5,1,1,1,11,hibernating
5395,2,6,32.95,5,1,2,51,new_customers
5396,15,7,31.75,1,2,2,12,hibernating
5397,10,7,37.0,1,2,2,12,hibernating
5398,6,6,40.0,2,1,2,21,hibernating
5399,3,6,54.1,4,1,4,41,promising
5400,5,7,48.95,3,2,3,32,about_to_sleep
5401,12,7,34.85,1,2,2,12,hibernating
5402,2,8,46.05,5,3,3,53,potential_loyalists
5403,3,7,46.150000000000006,4,2,3,42,potential_loyalists
5404,3,4,24.0,4,1,1,41,promising
5405,5,12,63.300000000000004,3,4,4,34,loyal_customers
5406,18,7,30.25,1,2,2,12,hibernating
5407,3,4,12.25,4,1,1,41,promising
5408,2,13,70.1,5,5,5,55,champions
5409,2,6,25.5,5,1,1,51,new_customers
5410,2,9,56.15,5,3,4,53,potential_loyalists
5411,4,3,17.85,3,1,1,31,about_to_sleep
5412,3,12,77.75,4,4,5,44,loyal_customers
5413,6,3,16.1,2,1,1,21,hibernating
5414,3,11,81.39999999999999,4,4,5,44,loyal_customers
5415,14,6,43.64,1,1,3,11,hibernating
5416,3,7,59.8,4,2,4,42,potential_loyalists
5417,3,9,70.89999999999999,4,3,5,43,potential_loyalists
5418,2,7,33.75,5,2,2,52,potential_loyalists
5419,3,12,94.18,4,4,5,44,loyal_customers
5420,3,6,31.0,4,1,2,41,promising
5421,3,6,36.1,4,1,2,41,promising
5422,3,7,51.95000000000001,4,2,3,42,potential_loyalists
5423,22,3,18.1,1,1,1,11,hibernating
5424,6,11,55.800000000000004,2,4,4,24,at_Risk
5425,3,13,69.94999999999999,4,5,5,45,loyal_customers
5426,9,7,45.3,1,2,3,12,hibernating
5427,3,8,42.5,4,3,3,43,potential_loyalists
5428,2,5,18.65,5,1,1,51,new_customers
5429,2,8,49.5,5,3,3,53,potential_loyalists
5430,3,8,39.25,4,3,2,43,potential_loyalists
5431,4,13,80.39999999999999,3,5,5,35,loyal_customers
5432,2,7,42.35,5,2,3,52,potential_loyalists
5433,3,11,68.5,4,4,4,44,loyal_customers
5434,3,7,43.55,4,2,3,42,potential_loyalists
5435,3,9,55.4,4,3,4,43,potential_loyalists
5436,4,3,13.0,3,1,1,31,about_to_sleep
5437,4,8,59.25,3,3,4,33,need_attention
5438,10,9,60.900000000000006,1,3,4,13,at_Risk
5439,16,6,36.75,1,1,2,11,hibernating
5440,3,9,43.949999999999996,4,3,3,43,potential_loyalists
5441,3,9,41.1,4,3,2,43,potential_loyalists
5442,3,6,39.0,4,1,2,41,promising
5443,7,7,45.35,2,2,3,22,hibernating
5444,9,3,21.15,1,1,1,11,hibernating
5445,25,3,23.75,1,1,1,11,hibernating
5446,2,8,42.25,5,3,3,53,potential_loyalists
5447,5,9,52.9,3,3,3,33,need_attention
5448,13,6,25.8,1,1,1,11,hibernating
5449,2,5,31.700000000000003,5,1,2,51,new_customers
5450,2,5,22.5,5,1,1,51,new_customers
5451,6,11,53.300000000000004,2,4,4,24,at_Risk
5452,2,11,61.25,5,4,4,54,champions
5453,2,10,42.699999999999996,5,4,3,54,champions
5454,2,5,27.3,5,1,1,51,new_customers
5455,7,6,79.7,2,1,5,21,hibernating
5456,4,6,36.85,3,1,2,31,about_to_sleep
5457,26,3,12.350000000000001,1,1,1,11,hibernating
5458,18,6,37.55,1,1,2,11,hibernating
5459,8,8,40.65,2,3,2,23,at_Risk
5460,3,4,23.6,4,1,1,41,promising
5461,3,4,30.549999999999997,4,1,2,41,promising
5462,3,7,36.5,4,2,2,42,potential_loyalists
5463,3,8,39.6,4,3,2,43,potential_loyalists
5464,7,12,59.5,2,4,4,24,at_Risk
5465,2,8,56.65,5,3,4,53,potential_loyalists
5466,2,5,27.75,5,1,1,51,new_customers
5467,4,7,45.5,3,2,3,32,about_to_sleep
5468,2,9,64.35,5,3,4,53,potential_loyalists
5469,2,9,54.95,5,3,4,53,potential_loyalists
5470,12,4,24.200000000000003,1,1,1,11,hibernating
5471,10,12,62.0,1,4,4,14,at_Risk
5472,2,4,22.45,5,1,1,51,new_customers
5473,12,5,31.75,1,1,2,11,hibernating
5474,2,4,20.200000000000003,5,1,1,51,new_customers
5475,3,6,32.75,4,1,2,41,promising
5476,2,5,20.65,5,1,1,51,new_customers
5477,14,5,26.3,1,1,1,11,hibernating
5478,5,5,20.45,3,1,1,31,about_to_sleep
5479,3,11,80.8,4,4,5,44,loyal_customers
5480,3,10,60.25,4,4,4,44,loyal_customers
5481,3,9,50.35,4,3,3,43,potential_loyalists
5482,19,5,24.75,1,1,1,11,hibernating
5483,3,5,40.449999999999996,4,1,2,41,promising
5484,3,7,29.299999999999997,4,2,1,42,potential_loyalists
5485,11,9,38.9,1,3,2,13,at_Risk
5486,5,4,34.1,3,1,2,31,about_to_sleep
5487,2,10,49.65,5,4,3,54,champions
5488,3,7,33.35,4,2,2,42,potential_loyalists
5489,3,7,64.05000000000001,4,2,4,42,potential_loyalists
5490,3,8,33.6,4,3,2,43,potential_loyalists
5491,11,4,20.6,1,1,1,11,hibernating
5492,3,9,49.15,4,3,3,43,potential_loyalists
5493,6,8,40.75,2,3,2,23,at_Risk
5494,4,7,89.1,3,2,5,32,about_to_sleep
5495,5,2,35.55,3,1,2,31,about_to_sleep
5496,3,8,67.0,4,3,4,43,potential_loyalists
5497,6,6,41.5,2,1,2,21,hibernating
5498,4,8,64.39999999999999,3,3,4,33,need_attention
5499,2,9,41.9,5,3,3,53,potential_loyalists
5500,2,7,32.0,5,2,2,52,potential_loyalists
5501,3,6,26.3,4,1,1,41,promising
5502,2,11,66.65,5,4,4,54,champions
5503,8,5,24.0,2,1,1,21,hibernating
5504,2,12,72.7,5,4,5,54,champions
5505,3,5,33.150000000000006,4,1,2,41,promising
5506,6,9,51.55,2,3,3,23,at_Risk
5507,7,6,44.6,2,1,3,21,hibernating
5508,2,5,30.1,5,1,2,51,new_customers
5509,2,10,46.8,5,4,3,54,champions
5510,3,7,49.05,4,2,3,42,potential_loyalists
5511,18,6,31.18,1,1,2,11,hibernating
5512,2,6,48.15,5,1,3,51,new_customers
5513,15,6,30.65,1,1,2,11,hibernating
5514,2,5,22.75,5,1,1,51,new_customers
5515,2,9,66.45,5,3,4,53,potential_loyalists
5516,2,6,67.25,5,1,4,51,new_customers
5517,20,4,22.25,1,1,1,11,hibernating
5518,3,4,19.0,4,1,1,41,promising
5519,2,6,27.5,5,1,1,51,new_customers
5520,12,6,41.95,1,1,3,11,hibernating
5521,8,3,13.4,2,1,1,21,hibernating
5522,3,7,36.400000000000006,4,2,2,42,potential_loyalists
5523,13,3,11.600000000000001,1,1,1,11,hibernating
5524,2,9,40.699999999999996,5,3,2,53,potential_loyalists
5525,9,5,33.5,1,1,2,11,hibernating
5526,3,5,22.5,4,1,1,41,promising
5527,3,8,53.55,4,3,4,43,potential_loyalists
5528,3,10,63.7,4,4,4,44,loyal_customers
5529,23,2,6.0,1,1,1,11,hibernating
5530,3,8,46.05,4,3,3,43,potential_loyalists
5531,18,7,34.75,1,2,2,12,hibernating
5532,3,8,35.55,4,3,2,43,potential_loyalists
5533,6,7,35.6,2,2,2,22,hibernating
5534,8,4,27.4,2,1,1,21,hibernating
5535,3,9,51.65,4,3,3,43,potential_loyalists
5536,3,10,73.25,4,4,5,44,loyal_customers
5537,3,6,35.35,4,1,2,41,promising
5538,2,10,91.80000000000001,5,4,5,54,champions
5539,4,5,30.65,3,1,2,31,about_to_sleep
5540,20,4,24.4,1,1,1,11,hibernating
5541,3,3,21.15,4,1,1,41,promising
5542,2,8,41.230000000000004,5,3,2,53,potential_loyalists
5543,3,6,31.9,4,1,2,41,promising
5544,2,9,49.65,5,3,3,53,potential_loyalists
5545,2,8,56.4,5,3,4,53,potential_loyalists
5546,3,7,35.15,4,2,2,42,potential_loyalists
5547,2,6,49.2,5,1,3,51,new_customers
5548,2,12,66.05,5,4,4,54,champions
5549,23,3,16.75,1,1,1,11,hibernating
5550,2,7,51.8,5,2,3,52,potential_loyalists
5551,3,2,10.75,4,1,1,41,promising
5552,17,3,28.75,1,1,1,11,hibernating
5553,5,7,68.0,3,2,4,32,about_to_sleep
5554,2,7,42.25,5,2,3,52,potential_loyalists
5555,20,4,24.0,1,1,1,11,hibernating
5556,2,6,29.5,5,1,1,51,new_customers
5557,3,7,34.85,4,2,2,42,potential_loyalists
5558,26,3,23.0,1,1,1,11,hibernating
5559,11,9,49.949999999999996,1,3,3,13,at_Risk
5560,3,5,25.6,4,1,1,41,promising
5561,2,5,17.0,5,1,1,51,new_customers
5562,2,7,42.85,5,2,3,52,potential_loyalists
5563,2,11,70.5,5,4,5,54,champions
5564,3,10,54.15,4,4,4,44,loyal_customers
5565,19,5,24.2,1,1,1,11,hibernating
5566,2,8,42.5,5,3,3,53,potential_loyalists
5567,2,6,28.6,5,1,1,51,new_customers
5568,6,7,50.5,2,2,3,22,hibernating
5569,18,1,6.8,1,1,1,11,hibernating
5570,3,8,63.25,4,3,4,43,potential_loyalists
5571,4,8,47.58,3,3,3,33,need_attention
5572,10,5,41.1,1,1,2,11,hibernating
5573,3,8,48.55,4,3,3,43,potential_loyalists
5574,30,1,8.5,1,1,1,11,hibernating
5575,2,9,50.6,5,3,3,53,potential_loyalists
5576,3,11,53.0,4,4,3,44,loyal_customers
5577,3,9,42.55,4,3,3,43,potential_loyalists
5578,3,8,48.1,4,3,3,43,potential_loyalists
5579,10,5,35.5,1,1,2,11,hibernating
5580,10,8,46.75,1,3,3,13,at_Risk
5581,3,11,47.1,4,4,3,44,loyal_customers
5582,16,3,38.7,1,1,2,11,hibernating
5583,3,12,55.4,4,4,4,44,loyal_customers
5584,19,3,14.75,1,1,1,11,hibernating
5585,7,7,49.050000000000004,2,2,3,22,hibernating
5586,5,5,50.75,3,1,3,31,about_to_sleep
5587,2,6,29.8,5,1,1,51,new_customers
5588,9,4,24.299999999999997,1,1,1,11,hibernating
5589,14,1,6.0,1,1,1,11,hibernating
5590,2,6,55.45,5,1,4,51,new_customers
5591,2,4,32.650000000000006,5,1,2,51,new_customers
5592,3,12,74.5,4,4,5,44,loyal_customers
5593,22,3,14.7,1,1,1,11,hibernating
5594,3,9,45.050000000000004,4,3,3,43,potential_loyalists
5595,2,8,45.7,5,3,3,53,potential_loyalists
5596,4,6,64.3,3,1,4,31,about_to_sleep
5597,2,9,47.75,5,3,3,53,potential_loyalists
5598,18,8,99.05,1,3,5,13,at_Risk
5599,19,4,21.049999999999997,1,1,1,11,hibernating
5600,2,8,52.15,5,3,3,53,potential_loyalists
5601,3,7,32.25,4,2,2,42,potential_loyalists
5602,7,5,25.25,2,1,1,21,hibernating
5603,7,6,38.6,2,1,2,21,hibernating
5604,2,4,23.0,5,1,1,51,new_customers
5605,2,7,33.95,5,2,2,52,potential_loyalists
5606,14,3,17.28,1,1,1,11,hibernating
5607,2,10,61.7,5,4,4,54,champions
5608,3,9,43.9,4,3,3,43,potential_loyalists
5609,7,5,37.65,2,1,2,21,hibernating
5610,3,10,67.95,4,4,4,44,loyal_customers
5611,3,11,61.900000000000006,4,4,4,44,loyal_customers
5612,5,13,60.55,3,5,4,35,loyal_customers
5613,7,8,43.1,2,3,3,23,at_Risk
5614,3,3,12.85,4,1,1,41,promising
5615,3,5,26.9,4,1,1,41,promising
5616,3,5,26.55,4,1,1,41,promising
5617,2,8,45.7,5,3,3,53,potential_loyalists
5618,2,5,21.15,5,1,1,51,new_customers
5619,5,11,67.9,3,4,4,34,loyal_customers
5620,2,11,67.5,5,4,4,54,champions
5621,8,3,15.149999999999999,2,1,1,21,hibernating
5622,5,4,18.3,3,1,1,31,about_to_sleep
5623,2,7,77.23,5,2,5,52,potential_loyalists
5624,2,6,38.4,5,1,2,51,new_customers
5625,3,8,65.15,4,3,4,43,potential_loyalists
5626,3,4,24.25,4,1,1,41,promising
5627,2,13,79.55,5,5,5,55,champions
5628,18,5,23.45,1,1,1,11,hibernating
5629,3,6,38.6,4,1,2,41,promising
5630,2,10,51.5,5,4,3,54,champions
5631,22,5,25.5,1,1,1,11,hibernating
5632,3,8,82.89999999999999,4,3,5,43,potential_loyalists
5633,3,5,20.75,4,1,1,41,promising
5634,13,6,39.75,1,1,2,11,hibernating
5635,2,6,26.5,5,1,1,51,new_customers
5636,3,10,62.8,4,4,4,44,loyal_customers
5637,8,7,52.65,2,2,3,22,hibernating
5638,10,5,26.95,1,1,1,11,hibernating
5639,20,4,17.5,1,1,1,11,hibernating
5640,3,4,13.1,4,1,1,41,promising
5641,2,9,41.0,5,3,2,53,potential_loyalists
5642,9,8,45.2,1,3,3,13,at_Risk
5643,2,4,25.25,5,1,1,51,new_customers
5644,2,11,53.6,5,4,4,54,champions
5645,3,4,30.95,4,1,2,41,promising
5646,2,7,52.0,5,2,3,52,potential_loyalists
5647,3,7,29.75,4,2,1,42,potential_loyalists
5648,3,3,21.75,4,1,1,41,promising
5649,4,6,53.0,3,1,3,31,about_to_sleep
5650,18,5,25.5,1,1,1,11,hibernating
5651,3,9,49.45,4,3,3,43,potential_loyalists
5652,2,8,98.45,5,3,5,53,potential_loyalists
5653,18,5,52.05,1,1,3,11,hibernating
5654,2,5,38.35,5,1,2,51,new_customers
5655,4,8,46.8,3,3,3,33,need_attention
5656,2,9,65.85,5,3,4,53,potential_loyalists
5657,3,7,34.55,4,2,2,42,potential_loyalists
5658,3,12,53.9,4,4,4,44,loyal_customers
5659,25,2,14.5,1,1,1,11,hibernating
5660,15,6,37.7,1,1,2,11,hibernating
5661,3,8,45.15,4,3,3,43,potential_loyalists
5662,2,6,65.95,5,1,4,51,new_customers
5663,13,6,30.5,1,1,2,11,hibernating
5664,20,3,22.9,1,1,1,11,hibernating
5665,8,6,28.1,2,1,1,21,hibernating
5666,8,6,31.0,2,1,2,21,hibernating
5667,2,10,73.5,5,4,5,54,champions
5668,2,1,2.45,5,1,1,51,new_customers
5669,3,7,43.7,4,2,3,42,potential_loyalists
5670,2,6,43.25,5,1,3,51,new_customers
5671,2,8,58.55,5,3,4,53,potential_loyalists
5672,4,9,52.949999999999996,3,3,3,33,need_attention
5673,5,10,68.85,3,4,4,34,loyal_customers
5674,2,12,64.65,5,4,4,54,champions
5675,5,5,25.05,3,1,1,31,about_to_sleep
5676,2,7,26.2,5,2,1,52,potential_loyalists
5677,10,9,58.86,1,3,4,13,at_Risk
5678,2,12,76.15,5,4,5,54,champions
5679,9,2,18.4,1,1,1,11,hibernating
5680,3,6,25.75,4,1,1,41,promising
5681,3,6,55.75,4,1,4,41,promising
5682,2,3,17.95,5,1,1,51,new_customers
5683,6,6,21.7,2,1,1,21,hibernating
5684,2,7,41.6,5,2,2,52,potential_loyalists
5685,3,10,52.599999999999994,4,4,3,44,loyal_customers
5686,4,4,20.1,3,1,1,31,about_to_sleep
5687,6,8,68.85,2,3,4,23,at_Risk
5688,7,8,82.9,2,3,5,23,at_Risk
5689,2,5,29.4,5,1,1,51,new_customers
5690,5,6,33.25,3,1,2,31,about_to_sleep
5691,4,6,36.25,3,1,2,31,about_to_sleep
5692,2,6,31.85,5,1,2,51,new_customers
5693,24,2,26.0,1,1,1,11,hibernating
5694,6,7,30.1,2,2,2,22,hibernating
5695,7,9,41.05,2,3,2,23,at_Risk
5696,3,8,44.0,4,3,3,43,potential_loyalists
5697,3,7,40.0,4,2,2,42,potential_loyalists
5698,9,4,26.3,1,1,1,11,hibernating
5699,15,7,53.2,1,2,3,12,hibernating
5700,6,10,45.6,2,4,3,24,at_Risk
5701,2,7,34.0,5,2,2,52,potential_loyalists
5702,18,9,59.5,1,3,4,13,at_Risk
5703,3,8,39.95,4,3,2,43,potential_loyalists
5704,3,14,102.60000000000001,4,5,5,45,loyal_customers
5705,2,8,45.0,5,3,3,53,potential_loyalists
5706,20,3,15.9,1,1,1,11,hibernating
5707,2,6,29.2,5,1,1,51,new_customers
5708,9,4,18.2,1,1,1,11,hibernating
5709,3,7,38.85,4,2,2,42,potential_loyalists
5710,27,2,13.0,1,1,1,11,hibernating
5711,3,8,55.5,4,3,4,43,potential_loyalists
5712,3,7,43.150000000000006,4,2,3,42,potential_loyalists
5713,3,6,35.7,4,1,2,41,promising
5714,2,7,24.2,5,2,1,52,potential_loyalists
5715,2,6,38.75,5,1,2,51,new_customers
5716,4,6,39.25,3,1,2,31,about_to_sleep
5717,5,6,46.5,3,1,3,31,about_to_sleep
5718,7,4,31.25,2,1,2,21,hibernating
5719,2,8,54.15,5,3,4,53,potential_loyalists
5720,18,8,70.7,1,3,5,13,at_Risk
5721,9,8,45.0,1,3,3,13,at_Risk
5722,9,8,45.2,1,3,3,13,at_Risk
5723,2,3,16.8,5,1,1,51,new_customers
5724,2,10,57.0,5,4,4,54,champions
5725,3,5,18.35,4,1,1,41,promising
5726,2,7,30.4,5,2,2,52,potential_loyalists
5727,3,7,42.25,4,2,3,42,potential_loyalists
5728,3,10,68.7,4,4,4,44,loyal_customers
5729,3,5,24.0,4,1,1,41,promising
5730,23,4,22.95,1,1,1,11,hibernating
5731,2,8,39.4,5,3,2,53,potential_loyalists
5732,2,12,73.85,5,4,5,54,champions
5733,19,5,19.15,1,1,1,11,hibernating
5734,2,6,54.0,5,1,4,51,new_customers
5735,2,6,41.5,5,1,2,51,new_customers
5736,13,5,27.45,1,1,1,11,hibernating
5737,2,8,41.45,5,3,2,53,potential_loyalists
5738,4,6,33.3,3,1,2,31,about_to_sleep
5739,3,11,73.3,4,4,5,44,loyal_customers
5740,2,10,69.45,5,4,5,54,champions
5741,3,2,12.25,4,1,1,41,promising
5742,3,3,20.0,4,1,1,41,promising
5743,3,10,53.95,4,4,4,44,loyal_customers
5744,3,9,57.45,4,3,4,43,potential_loyalists
5745,2,8,59.75,5,3,4,53,potential_loyalists
5746,2,10,57.75,5,4,4,54,champions
5747,2,10,57.45,5,4,4,54,champions
5748,3,5,20.0,4,1,1,41,promising
5749,8,3,19.6,2,1,1,21,hibernating
5750,8,7,36.849999999999994,2,2,2,22,hibernating
5751,8,4,33.1,2,1,2,21,hibernating
5752,12,10,49.8,1,4,3,14,at_Risk
5753,2,6,17.75,5,1,1,51,new_customers
5754,5,11,79.75,3,4,5,34,loyal_customers
5755,4,2,17.45,3,1,1,31,about_to_sleep
5756,4,8,46.7,3,3,3,33,need_attention
5757,4,9,44.25,3,3,3,33,need_attention
5758,2,9,48.900000000000006,5,3,3,53,potential_loyalists
5759,5,2,15.05,3,1,1,31,about_to_sleep
5760,3,9,44.2,4,3,3,43,potential_loyalists
5761,23,8,37.75,1,3,2,13,at_Risk
5762,18,4,25.0,1,1,1,11,hibernating
5763,2,6,25.049999999999997,5,1,1,51,new_customers
5764,2,7,46.4,5,2,3,52,potential_loyalists
5765,2,8,94.9,5,3,5,53,potential_loyalists
5766,3,6,30.85,4,1,2,41,promising
5767,3,6,45.75,4,1,3,41,promising
5768,6,7,47.2,2,2,3,22,hibernating
5769,2,12,123.75,5,4,5,54,champions
5770,12,7,24.15,1,2,1,12,hibernating
5771,7,4,30.0,2,1,1,21,hibernating
5772,5,4,41.0,3,1,2,31,about_to_sleep
5773,2,4,21.75,5,1,1,51,new_customers
5774,22,5,15.700000000000001,1,1,1,11,hibernating
5775,12,4,26.5,1,1,1,11,hibernating
5776,2,12,92.65,5,4,5,54,champions
5777,11,10,53.2,1,4,3,14,at_Risk
5778,6,10,83.3,2,4,5,24,at_Risk
5779,3,6,32.65,4,1,2,41,promising
5780,2,8,30.439999999999998,5,3,2,53,potential_loyalists
5781,2,6,30.8,5,1,2,51,new_customers
5782,2,9,55.5,5,3,4,53,potential_loyalists
5783,2,8,47.0,5,3,3,53,potential_loyalists
5784,22,1,6.0,1,1,1,11,hibernating
5785,2,10,62.300000000000004,5,4,4,54,champions
5786,2,10,68.89999999999999,5,4,4,54,champions
5787,2,7,38.55,5,2,2,52,potential_loyalists
5788,21,4,14.05,1,1,1,11,hibernating
5789,3,8,53.25,4,3,3,43,potential_loyalists
5790,4,7,60.2,3,2,4,32,about_to_sleep
5791,2,7,53.8,5,2,4,52,potential_loyalists
5792,3,7,29.55,4,2,1,42,potential_loyalists
5793,3,4,33.9,4,1,2,41,promising
5794,2,4,28.5,5,1,1,51,new_customers
5795,2,8,57.1,5,3,4,53,potential_loyalists
5796,3,9,58.30000000000001,4,3,4,43,potential_loyalists
5797,2,7,33.05,5,2,2,52,potential_loyalists
5798,9,9,48.4,1,3,3,13,at_Risk
5799,3,9,55.85,4,3,4,43,potential_loyalists
5800,2,5,23.45,5,1,1,51,new_customers
5801,8,2,11.9,2,1,1,21,hibernating
5802,11,5,33.83,1,1,2,11,hibernating
5803,2,7,31.65,5,2,2,52,potential_loyalists
5804,6,8,64.1,2,3,4,23,at_Risk
5805,3,7,36.45,4,2,2,42,potential_loyalists
5806,3,12,60.050000000000004,4,4,4,44,loyal_customers
5807,8,11,57.25,2,4,4,24,at_Risk
5808,2,7,57.05,5,2,4,52,potential_loyalists
5809,3,6,34.0,4,1,2,41,promising
5810,7,5,28.4,2,1,1,21,hibernating
5811,16,5,30.150000000000002,1,1,2,11,hibernating
5812,2,5,28.95,5,1,1,51,new_customers
5813,20,2,5.5,1,1,1,11,hibernating
5814,2,4,16.85,5,1,1,51,new_customers
5815,3,9,47.75,4,3,3,43,potential_loyalists
5816,3,6,21.75,4,1,1,41,promising
5817,2,11,78.85000000000001,5,4,5,54,champions
5818,6,11,64.71,2,4,4,24,at_Risk
5819,2,4,22.0,5,1,1,51,new_customers
5820,14,8,40.9,1,3,2,13,at_Risk
5821,3,9,43.75000000000001,4,3,3,43,potential_loyalists
5822,3,5,33.8,4,1,2,41,promising
5823,2,8,47.0,5,3,3,53,potential_loyalists
5824,3,11,73.38,4,4,5,44,loyal_customers
5825,8,8,57.3,2,3,4,23,at_Risk
5826,5,9,54.6,3,3,4,33,need_attention
5827,3,12,103.6,4,4,5,44,loyal_customers
5828,3,5,21.25,4,1,1,41,promising
5829,13,13,78.5,1,5,5,15,cant_loose
5830,4,6,43.45,3,1,3,31,about_to_sleep
5831,10,6,33.5,1,1,2,11,hibernating
5832,3,10,65.25,4,4,4,44,loyal_customers
5833,2,5,29.5,5,1,1,51,new_customers
5834,21,5,16.4,1,1,1,11,hibernating
5835,3,9,42.5,4,3,3,43,potential_loyalists
5836,14,4,24.0,1,1,1,11,hibernating
5837,2,2,7.5,5,1,1,51,new_customers
5838,2,4,19.35,5,1,1,51,new_customers
5839,21,3,21.3,1,1,1,11,hibernating
5840,2,4,24.75,5,1,1,51,new_customers
5841,17,4,24.7,1,1,1,11,hibernating
5842,9,9,74.95,1,3,5,13,at_Risk
5843,3,5,26.9,4,1,1,41,promising
5844,8,4,18.75,2,1,1,21,hibernating
5845,5,7,42.75,3,2,3,32,about_to_sleep
5846,3,8,54.7,4,3,4,43,potential_loyalists
5847,9,13,68.25,1,5,4,15,cant_loose
5848,3,6,28.15,4,1,1,41,promising
5849,2,4,23.0,5,1,1,51,new_customers
5850,2,7,37.35,5,2,2,52,potential_loyalists
5851,3,6,31.9,4,1,2,41,promising
5852,2,8,56.2,5,3,4,53,potential_loyalists
5853,5,8,43.85,3,3,3,33,need_attention
5854,3,9,68.7,4,3,4,43,potential_loyalists
5855,10,4,26.25,1,1,1,11,hibernating
5856,2,6,29.6,5,1,1,51,new_customers
5857,11,7,35.5,1,2,2,12,hibernating
5858,4,9,69.1,3,3,4,33,need_attention
5859,13,3,15.1,1,1,1,11,hibernating
5860,5,7,54.05,3,2,4,32,about_to_sleep
5861,3,10,61.35,4,4,4,44,loyal_customers
5862,3,6,49.7,4,1,3,41,promising
5863,13,5,35.0,1,1,2,11,hibernating
5864,2,10,64.88,5,4,4,54,champions
5865,3,6,37.8,4,1,2,41,promising
5866,6,8,54.75,2,3,4,23,at_Risk
5867,2,13,77.35,5,5,5,55,champions
5868,21,4,29.2,1,1,1,11,hibernating
5869,5,4,20.5,2,1,1,21,hibernating
5870,2,7,40.45,5,2,2,52,potential_loyalists
5871,2,8,44.6,5,3,3,53,potential_loyalists
5872,2,7,42.25,5,2,3,52,potential_loyalists
5873,2,5,24.0,5,1,1,51,new_customers
5874,14,8,55.9,1,3,4,13,at_Risk
5875,2,2,19.0,5,1,1,51,new_customers
5876,8,10,61.0,2,4,4,24,at_Risk
5877,4,6,32.0,3,1,2,31,about_to_sleep
5878,2,6,33.65,5,1,2,51,new_customers
5879,3,14,82.35,4,5,5,45,loyal_customers
5880,2,10,52.550000000000004,5,4,3,54,champions
5881,3,10,64.4,4,4,4,44,loyal_customers
5882,2,6,29.3,5,1,1,51,new_customers
5883,2,8,65.05,5,3,4,53,potential_loyalists
5884,2,7,42.5,5,2,3,52,potential_loyalists
5885,2,9,53.05,5,3,3,53,potential_loyalists
5886,5,6,48.45,2,1,3,21,hibernating
5887,6,6,40.2,2,1,2,21,hibernating
5888,2,6,25.0,5,1,1,51,new_customers
5889,13,6,24.75,1,1,1,11,hibernating
5890,13,4,23.55,1,1,1,11,hibernating
5891,3,6,35.15,4,1,2,41,promising
5892,18,5,24.15,1,1,1,11,hibernating
5893,26,4,25.6,1,1,1,11,hibernating
5894,6,8,40.800000000000004,2,3,2,23,at_Risk
5895,2,9,52.800000000000004,5,3,3,53,potential_loyalists
5896,2,10,47.6,5,4,3,54,champions
5897,4,4,19.5,3,1,1,31,about_to_sleep
5898,2,4,24.9,5,1,1,51,new_customers
5899,3,9,56.2,4,3,4,43,potential_loyalists
5900,2,10,64.8,5,4,4,54,champions
5901,3,9,52.2,4,3,3,43,potential_loyalists
5902,2,6,33.35,5,1,2,51,new_customers
5903,4,4,18.4,3,1,1,31,about_to_sleep
5904,2,8,45.75,5,3,3,53,potential_loyalists
5905,21,3,19.7,1,1,1,11,hibernating
5906,2,13,84.05,5,5,5,55,champions
5907,23,5,26.25,1,1,1,11,hibernating
5908,3,9,56.5,4,3,4,43,potential_loyalists
5909,3,7,40.65,4,2,2,42,potential_loyalists
5910,7,6,31.4,2,1,2,21,hibernating
5911,3,9,48.150000000000006,4,3,3,43,potential_loyalists
5912,7,10,62.1,2,4,4,24,at_Risk
5913,2,5,25.05,5,1,1,51,new_customers
5914,18,4,29.8,1,1,1,11,hibernating
5915,3,10,59.0,4,4,4,44,loyal_customers
5916,2,8,66.6,5,3,4,53,potential_loyalists
5917,3,8,62.25,4,3,4,43,potential_loyalists
5918,2,4,29.9,5,1,1,51,new_customers
5919,4,11,56.99999999999999,3,4,4,34,loyal_customers
5920,4,9,46.449999999999996,3,3,3,33,need_attention
5921,2,6,24.0,5,1,1,51,new_customers
5922,6,7,37.3,2,2,2,22,hibernating
5923,12,9,47.5,1,3,3,13,at_Risk
5924,3,10,41.85,4,4,3,44,loyal_customers
5925,2,9,47.449999999999996,5,3,3,53,potential_loyalists
5926,3,6,44.45,4,1,3,41,promising
5927,3,6,45.5,4,1,3,41,promising
5928,7,12,81.03999999999999,2,4,5,24,at_Risk
5929,6,12,63.6,2,4,4,24,at_Risk
5930,2,7,33.85,5,2,2,52,potential_loyalists
5931,2,9,45.45,5,3,3,53,potential_loyalists
5932,3,9,45.75,4,3,3,43,potential_loyalists
5933,3,8,68.25,3,3,4,33,need_attention
5934,2,7,52.75,5,2,3,52,potential_loyalists
5935,3,9,38.55,3,3,2,33,need_attention
5936,6,3,12.45,2,1,1,21,hibernating
5938,3,6,29.65,3,1,1,31,about_to_sleep
5939,4,4,20.15,3,1,1,31,about_to_sleep
5940,3,6,36.8,3,1,2,31,about_to_sleep
5941,6,7,44.85,2,2,3,22,hibernating
5942,18,5,32.75,1,1,2,11,hibernating
5943,2,5,27.7,5,1,1,51,new_customers
5944,3,9,79.85,3,3,5,33,need_attention
5945,2,4,20.4,5,1,1,51,new_customers
8000,6,4,22.0,2,1,1,21,hibernating
8001,4,10,57.5,3,4,4,34,loyal_customers
8002,2,16,71.85,5,5,5,55,champions
8003,5,15,117.14999999999999,2,5,5,25,cant_loose
8004,8,6,37.5,2,1,2,21,hibernating
8005,8,9,42.3,2,3,3,23,at_Risk
8006,8,13,98.05,2,5,5,25,cant_loose
8007,4,14,61.75,3,5,4,35,loyal_customers
8008,6,14,62.35,2,5,4,25,cant_loose
8009,2,19,107.39999999999999,5,5,5,55,champions
8010,4,12,69.15,3,4,4,34,loyal_customers
8011,4,15,75.55,3,5,5,35,loyal_customers
8012,2,7,21.5,5,2,1,52,potential_loyalists
8013,3,19,90.14999999999999,3,5,5,35,loyal_customers
8014,3,10,65.65,3,4,4,34,loyal_customers
8015,8,9,59.2,2,3,4,23,at_Risk
8016,6,11,48.800000000000004,2,4,3,24,at_Risk
8017,7,12,74.39999999999999,2,4,5,24,at_Risk
8018,8,10,46.25,2,4,3,24,at_Risk
8019,5,21,116.95,2,5,5,25,cant_loose
8020,4,9,59.75,3,3,4,33,need_attention
8021,8,12,65.89999999999999,2,4,4,24,at_Risk
8022,10,17,98.6,1,5,5,15,cant_loose
8023,2,12,56.25,5,4,4,54,champions
8024,2,13,59.5,5,5,4,55,champions
8025,5,18,102.05,2,5,5,25,cant_loose
8026,2,10,46.05,5,4,3,54,champions
8027,3,12,51.8,3,4,3,34,loyal_customers
8028,4,7,31.099999999999998,3,2,2,32,about_to_sleep
8029,2,13,59.199999999999996,5,5,4,55,champions
8030,2,13,65.6,5,5,4,55,champions
8031,6,10,45.75,2,4,3,24,at_Risk
8032,3,13,84.50000000000001,3,5,5,35,loyal_customers
8033,5,14,96.5,2,5,5,25,cant_loose
8034,4,16,63.0,3,5,4,35,loyal_customers
8035,20,10,57.45,1,4,4,14,at_Risk
8036,2,20,119.5,5,5,5,55,champions
8037,9,15,84.14999999999999,1,5,5,15,cant_loose
8038,18,3,16.5,1,1,1,11,hibernating
8039,2,17,97.5,5,5,5,55,champions
8040,12,10,49.35000000000001,1,4,3,14,at_Risk
8041,2,18,95.9,5,5,5,55,champions
8042,2,18,108.19999999999999,5,5,5,55,champions
8043,2,16,88.85,5,5,5,55,champions
8044,3,12,68.25,3,4,4,34,loyal_customers
8045,8,12,77.1,2,4,5,24,at_Risk
8046,6,8,49.5,2,3,3,23,at_Risk
8047,5,5,24.4,2,1,1,21,hibernating
8048,2,14,159.94999999999996,5,5,5,55,champions
8049,9,11,66.25,1,4,4,14,at_Risk
8050,5,12,80.35000000000001,2,4,5,24,at_Risk
8051,2,7,31.5,5,2,2,52,potential_loyalists
8052,2,14,73.80000000000001,4,5,5,45,loyal_customers
8053,12,9,50.6,1,3,3,13,at_Risk
8054,4,16,77.75,3,5,5,35,loyal_customers
8055,4,10,37.15,3,4,2,34,loyal_customers
8056,4,13,87.43,3,5,5,35,loyal_customers
8057,4,12,58.9,3,4,4,34,loyal_customers
8058,2,14,80.89999999999999,4,5,5,45,loyal_customers
8059,3,20,102.0,3,5,5,35,loyal_customers
8060,3,13,74.95,3,5,5,35,loyal_customers
8061,7,15,76.35,2,5,5,25,cant_loose
8062,19,12,55.550000000000004,1,4,4,14,at_Risk
8063,8,7,39.1,2,2,2,22,hibernating
8064,7,13,77.05,2,5,5,25,cant_loose
8065,5,9,34.9,2,3,2,23,at_Risk
8066,9,19,84.8,1,5,5,15,cant_loose
8067,5,10,46.5,2,4,3,24,at_Risk
8068,9,10,56.95,1,4,4,14,at_Risk
8069,6,16,91.35,2,5,5,25,cant_loose
8070,8,13,66.75,2,5,4,25,cant_loose
8071,12,19,120.0,1,5,5,15,cant_loose
8072,2,21,108.55,4,5,5,45,loyal_customers
8073,8,12,64.75,2,4,4,24,at_Risk
8074,14,12,73.25,1,4,5,14,at_Risk
8075,5,10,73.6,2,4,5,24,at_Risk
8076,6,14,72.25,2,5,5,25,cant_loose
8077,2,11,60.25,4,4,4,44,loyal_customers
8078,4,10,52.7,3,4,3,34,loyal_customers
8079,5,16,90.85,2,5,5,25,cant_loose
8080,3,18,105.75,3,5,5,35,loyal_customers
8081,3,14,69.75,3,5,5,35,loyal_customers
8082,2,12,50.9,4,4,3,44,loyal_customers
8083,7,10,50.55,2,4,3,24,at_Risk
8084,13,4,14.1,1,1,1,11,hibernating
8085,12,8,41.199999999999996,1,3,2,13,at_Risk
8086,3,16,83.85,3,5,5,35,loyal_customers
8087,17,8,51.75,1,3,3,13,at_Risk
8088,2,12,54.449999999999996,4,4,4,44,loyal_customers
8089,3,10,44.25,3,4,3,34,loyal_customers
8090,4,7,41.4,3,2,2,32,about_to_sleep
8091,4,10,56.5,3,4,4,34,loyal_customers
8092,2,14,70.75,4,5,5,45,loyal_customers
8093,5,9,48.599999999999994,2,3,3,23,at_Risk
8094,8,10,52.1,2,4,3,24,at_Risk
8095,7,6,23.05,2,1,1,21,hibernating
8096,4,16,91.0,3,5,5,35,loyal_customers
8097,2,11,57.0,4,4,4,44,loyal_customers
8098,5,11,51.2,2,4,3,24,at_Risk
8099,3,16,129.35,3,5,5,35,loyal_customers
8100,4,13,66.5,3,5,4,35,loyal_customers
8101,2,24,119.14999999999999,4,5,5,45,loyal_customers
8102,6,11,47.2,2,4,3,24,at_Risk
8103,22,6,23.200000000000003,1,1,1,11,hibernating
8104,6,15,70.30000000000001,2,5,5,25,cant_loose
8105,4,10,67.85,3,4,4,34,loyal_customers
8106,6,14,111.9,2,5,5,25,cant_loose
8107,2,11,52.800000000000004,4,4,3,44,loyal_customers
8108,8,9,41.25,2,3,2,23,at_Risk
8109,5,18,114.45,2,5,5,25,cant_loose
8110,3,11,56.6,3,4,4,34,loyal_customers
8111,3,13,63.65,3,5,4,35,loyal_customers
8112,2,8,39.2,4,3,2,43,potential_loyalists
8113,5,15,84.30000000000001,2,5,5,25,cant_loose
8114,4,13,86.95,3,5,5,35,loyal_customers
8115,8,6,38.7,2,1,2,21,hibernating
8116,4,6,25.75,3,1,1,31,about_to_sleep
8117,5,12,58.4,2,4,4,24,at_Risk
8118,3,22,128.95,3,5,5,35,loyal_customers
8119,8,7,47.0,2,2,3,22,hibernating
8120,2,8,45.0,4,3,3,43,potential_loyalists
8121,2,18,88.0,4,5,5,45,loyal_customers
8122,6,10,78.0,2,4,5,24,at_Risk
8123,7,7,35.65,2,2,2,22,hibernating
8124,4,15,111.25,3,5,5,35,loyal_customers
8125,11,9,56.3,1,3,4,13,at_Risk
8126,4,8,38.9,3,3,2,33,need_attention
8127,6,8,38.3,2,3,2,23,at_Risk
8128,2,18,75.1,4,5,5,45,loyal_customers
8129,5,14,78.45,2,5,5,25,cant_loose
8130,12,11,60.7,1,4,4,14,at_Risk
8131,4,13,86.85,3,5,5,35,loyal_customers
8132,5,9,32.8,2,3,2,23,at_Risk
8133,7,9,47.900000000000006,2,3,3,23,at_Risk
8134,7,13,84.55,2,5,5,25,cant_loose
8135,6,9,46.8,2,3,3,23,at_Risk
8136,6,11,54.0,2,4,4,24,at_Risk
8137,7,10,48.95,2,4,3,24,at_Risk
8138,6,15,142.6,2,5,5,25,cant_loose
8139,7,12,69.45,2,4,5,24,at_Risk
8140,5,13,66.65,2,5,4,25,cant_loose
8141,4,9,68.3,3,3,4,33,need_attention
8142,5,14,84.45,2,5,5,25,cant_loose
8143,9,9,51.75,1,3,3,13,at_Risk
8144,7,16,165.65,2,5,5,25,cant_loose
8145,5,15,81.05000000000001,2,5,5,25,cant_loose
8146,3,16,94.85,3,5,5,35,loyal_customers
8147,3,19,123.9,3,5,5,35,loyal_customers
8148,2,14,81.5,4,5,5,45,loyal_customers
8149,3,10,43.550000000000004,3,4,3,34,loyal_customers
8150,4,10,75.05,3,4,5,34,loyal_customers
8151,5,11,48.95,2,4,3,24,at_Risk
8152,3,15,100.49999999999999,3,5,5,35,loyal_customers
8153,2,9,38.85,4,3,2,43,potential_loyalists
8154,4,16,89.0,3,5,5,35,loyal_customers
8155,2,9,57.3,4,3,4,43,potential_loyalists
8156,7,9,65.8,2,3,4,23,at_Risk
8157,4,17,103.6,3,5,5,35,loyal_customers
8158,3,20,109.9,3,5,5,35,loyal_customers
8159,2,17,98.35000000000001,4,5,5,45,loyal_customers
8160,3,13,51.95,3,5,3,35,loyal_customers
8161,2,16,91.55,4,5,5,45,loyal_customers
8162,8,11,45.25,2,4,3,24,at_Risk
8163,3,11,59.9,3,4,4,34,loyal_customers
8164,3,17,90.8,3,5,5,35,loyal_customers
8165,4,15,87.3,3,5,5,35,loyal_customers
8166,3,15,66.94999999999999,3,5,4,35,loyal_customers
8167,2,16,98.39999999999998,4,5,5,45,loyal_customers
8168,22,5,32.8,1,1,2,11,hibernating
8169,7,18,85.25,2,5,5,25,cant_loose
8170,5,11,65.4,2,4,4,24,at_Risk
8171,7,7,34.85,2,2,2,22,hibernating
8172,3,13,63.5,3,5,4,35,loyal_customers
8173,10,15,103.60000000000001,1,5,5,15,cant_loose
8174,2,11,63.75,4,4,4,44,loyal_customers
8175,2,7,78.35,4,2,5,42,potential_loyalists
8176,2,16,79.8,4,5,5,45,loyal_customers
8177,6,18,81.19999999999999,2,5,5,25,cant_loose
8178,3,13,59.1,3,5,4,35,loyal_customers
8179,2,13,71.6,4,5,5,45,loyal_customers
8180,3,18,97.1,3,5,5,35,loyal_customers
8181,5,10,62.0,2,4,4,24,at_Risk
8182,6,15,71.55000000000001,2,5,5,25,cant_loose
8183,3,12,59.9,3,4,4,34,loyal_customers
8184,3,14,73.25,3,5,5,35,loyal_customers
8185,2,15,102.0,4,5,5,45,loyal_customers
8186,12,12,67.75,1,4,4,14,at_Risk
8187,3,12,66.1,3,4,4,34,loyal_customers
8188,6,13,82.85000000000001,2,5,5,25,cant_loose
8189,9,14,77.9,1,5,5,15,cant_loose
8190,6,13,75.15,2,5,5,25,cant_loose
8191,3,16,92.7,3,5,5,35,loyal_customers
8192,2,17,117.9,4,5,5,45,loyal_customers
8193,3,13,58.5,3,5,4,35,loyal_customers
8194,3,8,37.1,3,3,2,33,need_attention
8195,2,18,72.0,4,5,5,45,loyal_customers
8196,2,17,88.00000000000001,4,5,5,45,loyal_customers
8197,4,11,88.35,3,4,5,34,loyal_customers
8198,13,3,18.0,1,1,1,11,hibernating
8199,11,8,45.4,1,3,3,13,at_Risk
8200,6,16,69.6,2,5,5,25,cant_loose
8201,2,13,79.5,4,5,5,45,loyal_customers
8202,5,11,62.75,2,4,4,24,at_Risk
8203,10,4,21.6,1,1,1,11,hibernating
8204,5,8,45.95,2,3,3,23,at_Risk
8205,2,12,57.199999999999996,4,4,4,44,loyal_customers
8206,11,16,95.05,1,5,5,15,cant_loose
8207,3,9,42.3,3,3,3,33,need_attention
8208,4,17,84.19999999999999,3,5,5,35,loyal_customers
8209,7,11,62.9,2,4,4,24,at_Risk
8210,15,15,76.25,1,5,5,15,cant_loose
8211,6,11,55.15,2,4,4,24,at_Risk
8212,4,11,77.35,3,4,5,34,loyal_customers
8213,4,14,81.9,3,5,5,35,loyal_customers
8214,9,13,62.95,1,5,4,15,cant_loose
8215,6,8,38.0,2,3,2,23,at_Risk
8216,2,11,41.3,4,4,2,44,loyal_customers
8217,8,10,61.550000000000004,2,4,4,24,at_Risk
8218,5,17,76.85,2,5,5,25,cant_loose
8219,5,15,73.05000000000001,2,5,5,25,cant_loose
8220,2,18,79.15,4,5,5,45,loyal_customers
8221,4,14,67.1,3,5,4,35,loyal_customers
8222,5,14,84.75,2,5,5,25,cant_loose
8223,4,13,79.9,3,5,5,35,loyal_customers
8224,7,13,84.35,2,5,5,25,cant_loose
8225,4,18,111.64999999999999,3,5,5,35,loyal_customers
8226,4,20,108.7,3,5,5,35,loyal_customers
8227,4,10,110.35,3,4,5,34,loyal_customers
8228,2,17,80.65,4,5,5,45,loyal_customers
8229,3,16,85.95,3,5,5,35,loyal_customers
8230,6,9,54.2,2,3,4,23,at_Risk
8231,2,12,73.6,4,4,5,44,loyal_customers
8232,4,8,31.1,3,3,2,33,need_attention
8233,3,7,32.5,3,2,2,32,about_to_sleep
8234,7,10,59.75,2,4,4,24,at_Risk
8235,7,8,53.25,2,3,3,23,at_Risk
8236,6,15,74.15,2,5,5,25,cant_loose
8237,7,7,40.3,2,2,2,22,hibernating
8238,5,8,31.1,2,3,2,23,at_Risk
8239,2,11,49.85,4,4,3,44,loyal_customers
8240,8,9,38.7,2,3,2,23,at_Risk
8241,7,13,75.55,2,5,5,25,cant_loose
8242,5,16,103.6,2,5,5,25,cant_loose
8243,5,12,59.6,2,4,4,24,at_Risk
8244,5,12,57.3,2,4,4,24,at_Risk
8245,2,16,102.8,4,5,5,45,loyal_customers
8246,6,11,53.75,2,4,4,24,at_Risk
8247,9,12,59.35,1,4,4,14,at_Risk
8248,6,12,82.3,2,4,5,24,at_Risk
8249,2,14,68.30000000000001,4,5,4,45,loyal_customers
8250,4,12,59.8,3,4,4,34,loyal_customers
8251,3,17,102.0,3,5,5,35,loyal_customers
8252,7,17,103.6,2,5,5,25,cant_loose
8253,5,8,35.5,2,3,2,23,at_Risk
8254,3,13,81.94999999999999,3,5,5,35,loyal_customers
8255,5,16,88.5,2,5,5,25,cant_loose
8256,6,16,95.05,2,5,5,25,cant_loose
8257,3,13,92.15,3,5,5,35,loyal_customers
8258,6,13,67.55,2,5,4,25,cant_loose
8259,17,11,67.2,1,4,4,14,at_Risk
8260,2,18,89.94999999999999,4,5,5,45,loyal_customers
8261,4,18,87.35,3,5,5,35,loyal_customers
8262,2,16,99.55000000000001,4,5,5,45,loyal_customers
8263,3,12,71.55,3,4,5,34,loyal_customers
8264,3,10,55.65,3,4,4,34,loyal_customers
8265,4,11,54.35,3,4,4,34,loyal_customers
8266,4,16,92.8,3,5,5,35,loyal_customers
8267,4,14,124.85000000000001,3,5,5,35,loyal_customers
8268,2,13,76.55000000000001,4,5,5,45,loyal_customers
8269,3,16,91.55,3,5,5,35,loyal_customers
8270,5,7,43.25,2,2,3,22,hibernating
8271,5,12,76.4,2,4,5,24,at_Risk
8272,2,17,97.3,4,5,5,45,loyal_customers
8273,9,11,51.5,1,4,3,14,at_Risk
8274,3,12,59.0,3,4,4,34,loyal_customers
8275,5,10,68.15,2,4,4,24,at_Risk
8276,4,11,75.8,3,4,5,34,loyal_customers
8277,4,8,40.35,3,3,2,33,need_attention
8278,3,13,69.85,3,5,5,35,loyal_customers
8279,5,17,99.1,2,5,5,25,cant_loose
8280,2,11,74.0,4,4,5,44,loyal_customers
8281,2,14,82.65,4,5,5,45,loyal_customers
8282,3,19,107.39999999999999,3,5,5,35,loyal_customers
8283,2,11,75.9,4,4,5,44,loyal_customers
8284,10,9,42.95,1,3,3,13,at_Risk
8285,2,25,164.05,4,5,5,45,loyal_customers
8286,7,11,74.25,2,4,5,24,at_Risk
8287,7,10,51.35,2,4,3,24,at_Risk
8288,2,13,71.5,4,5,5,45,loyal_customers
8289,3,17,120.5,3,5,5,35,loyal_customers
8290,5,13,71.75,2,5,5,25,cant_loose
8291,6,11,62.449999999999996,2,4,4,24,at_Risk
8292,5,12,55.300000000000004,2,4,4,24,at_Risk
8293,5,5,20.25,2,1,1,21,hibernating
8294,4,12,69.85000000000001,3,4,5,34,loyal_customers
8295,5,10,64.6,2,4,4,24,at_Risk
8296,9,15,75.6,1,5,5,15,cant_loose
8297,2,23,136.15,4,5,5,45,loyal_customers
8298,3,9,63.0,3,3,4,33,need_attention
8299,11,7,34.6,1,2,2,12,hibernating
8300,3,14,86.55,3,5,5,35,loyal_customers
8301,2,16,108.35,4,5,5,45,loyal_customers
8302,2,6,26.0,4,1,1,41,promising
8303,9,11,55.199999999999996,1,4,4,14,at_Risk
8304,16,10,57.25,1,4,4,14,at_Risk
8305,2,10,52.5,4,4,3,44,loyal_customers
8306,5,12,69.19999999999999,2,4,5,24,at_Risk
8307,5,17,80.15,2,5,5,25,cant_loose
8308,2,7,27.5,4,2,1,42,potential_loyalists
8309,2,8,42.6,4,3,3,43,potential_loyalists
8310,5,15,117.64999999999999,2,5,5,25,cant_loose
8311,2,20,459.75,4,5,5,45,loyal_customers
8312,2,11,69.4,4,4,5,44,loyal_customers
8313,6,14,70.8,2,5,5,25,cant_loose
8314,4,13,57.599999999999994,3,5,4,35,loyal_customers
8315,5,8,39.1,2,3,2,23,at_Risk
8316,5,10,103.0,2,4,5,24,at_Risk
8317,3,10,52.25,3,4,3,34,loyal_customers
8318,2,18,77.9,4,5,5,45,loyal_customers
8319,2,13,88.03,4,5,5,45,loyal_customers
8320,6,10,46.25,2,4,3,24,at_Risk
8321,3,12,62.9,3,4,4,34,loyal_customers
8322,2,18,107.05,4,5,5,45,loyal_customers
8323,11,15,103.8,1,5,5,15,cant_loose
8324,3,13,67.55,3,5,4,35,loyal_customers
8325,25,7,35.25,1,2,2,12,hibernating
8326,3,12,49.85,3,4,3,34,loyal_customers
8327,6,18,90.3,2,5,5,25,cant_loose
8328,3,14,73.6,3,5,5,35,loyal_customers
8329,6,12,59.8,2,4,4,24,at_Risk
8330,6,12,49.800000000000004,2,4,3,24,at_Risk
8331,5,10,45.45,2,4,3,24,at_Risk
8332,3,6,27.25,3,1,1,31,about_to_sleep
8333,2,10,57.2,4,4,4,44,loyal_customers
8334,7,13,69.1,2,5,4,25,cant_loose
8335,4,13,98.4,3,5,5,35,loyal_customers
8336,2,17,75.2,4,5,5,45,loyal_customers
8337,5,11,46.95,2,4,3,24,at_Risk
8338,2,14,66.35,4,5,4,45,loyal_customers
8339,6,12,76.35,2,4,5,24,at_Risk
8340,2,15,82.9,4,5,5,45,loyal_customers
8341,4,22,155.3,3,5,5,35,loyal_customers
8342,3,12,54.800000000000004,3,4,4,34,loyal_customers
8343,7,10,47.85,2,4,3,24,at_Risk
8344,2,16,75.3,4,5,5,45,loyal_customers
8345,3,19,103.55,3,5,5,35,loyal_customers
8346,3,13,79.65,3,5,5,35,loyal_customers
8347,13,16,88.9,1,5,5,15,cant_loose
8348,2,15,90.0,4,5,5,45,loyal_customers
8349,7,14,83.4,2,5,5,25,cant_loose
8350,6,11,68.19999999999999,2,4,4,24,at_Risk
8351,6,14,101.65,2,5,5,25,cant_loose
8352,4,14,66.65,3,5,4,35,loyal_customers
8353,3,17,105.05000000000001,3,5,5,35,loyal_customers
8354,6,5,26.1,2,1,1,21,hibernating
8355,8,12,67.95,2,4,4,24,at_Risk
8356,11,12,54.15,1,4,4,14,at_Risk
8357,4,13,59.400000000000006,3,5,4,35,loyal_customers
8358,4,9,45.150000000000006,3,3,3,33,need_attention
8359,2,17,82.5,4,5,5,45,loyal_customers
8360,6,14,55.8,2,5,4,25,cant_loose
8361,9,14,80.7,1,5,5,15,cant_loose
8362,3,8,54.0,3,3,4,33,need_attention
8363,4,12,67.8,3,4,4,34,loyal_customers
8364,8,21,124.7,2,5,5,25,cant_loose
8365,2,17,130.35,4,5,5,45,loyal_customers
8366,2,8,44.6,4,3,3,43,potential_loyalists
8367,6,11,51.1,2,4,3,24,at_Risk
8368,7,15,93.45,2,5,5,25,cant_loose
8369,8,14,69.2,2,5,5,25,cant_loose
8370,9,20,106.69999999999999,1,5,5,15,cant_loose
8371,2,11,50.8,4,4,3,44,loyal_customers
8372,4,13,59.550000000000004,3,5,4,35,loyal_customers
8373,3,16,94.35,3,5,5,35,loyal_customers
8374,3,14,66.95,3,5,4,35,loyal_customers
8375,3,19,125.6,3,5,5,35,loyal_customers
8376,2,11,58.8,4,4,4,44,loyal_customers
8377,13,13,75.0,1,5,5,15,cant_loose
8378,5,17,84.3,2,5,5,25,cant_loose
8379,2,12,76.68,4,4,5,44,loyal_customers
8380,3,14,65.44999999999999,3,5,4,35,loyal_customers
8381,5,16,77.7,2,5,5,25,cant_loose
8382,3,20,115.7,3,5,5,35,loyal_customers
8383,5,15,73.9,2,5,5,25,cant_loose
8384,2,23,129.6,4,5,5,45,loyal_customers
8385,2,12,66.35,4,4,4,44,loyal_customers
8386,3,17,101.19999999999999,3,5,5,35,loyal_customers
8387,2,13,61.400000000000006,4,5,4,45,loyal_customers
8388,3,13,76.05,3,5,5,35,loyal_customers
8389,4,12,58.45,3,4,4,34,loyal_customers
8390,14,11,62.2,1,4,4,14,at_Risk
8391,4,7,42.05,3,2,3,32,about_to_sleep
8392,5,12,70.10000000000001,2,4,5,24,at_Risk
8393,2,12,61.2,4,4,4,44,loyal_customers
8394,3,14,81.45,3,5,5,35,loyal_customers
8395,3,20,114.7,3,5,5,35,loyal_customers
8396,6,16,85.8,2,5,5,25,cant_loose
8397,3,18,115.6,3,5,5,35,loyal_customers
8398,8,8,32.4,2,3,2,23,at_Risk
8399,2,12,54.65,4,4,4,44,loyal_customers
8400,4,11,62.0,3,4,4,34,loyal_customers
8401,2,12,45.949999999999996,4,4,3,44,loyal_customers
8402,12,5,33.35,1,1,2,11,hibernating
8403,2,16,72.80000000000001,4,5,5,45,loyal_customers
8404,8,12,57.25,2,4,4,24,at_Risk
8405,8,11,62.85,2,4,4,24,at_Risk
8406,7,17,93.35000000000001,2,5,5,25,cant_loose
8407,3,16,72.7,3,5,5,35,loyal_customers
8408,4,11,54.6,3,4,4,34,loyal_customers
8409,13,9,54.25,1,3,4,13,at_Risk
8410,2,18,141.85,4,5,5,45,loyal_customers
8411,4,16,91.5,3,5,5,35,loyal_customers
8412,2,14,70.0,4,5,5,45,loyal_customers
8413,4,17,80.85000000000001,3,5,5,35,loyal_customers
8414,10,17,96.44999999999999,1,5,5,15,cant_loose
8415,8,12,60.6,2,4,4,24,at_Risk
8416,18,6,36.2,1,1,2,11,hibernating
8417,3,16,74.65,3,5,5,35,loyal_customers
8418,7,12,69.0,2,4,4,24,at_Risk
8419,2,12,65.6,4,4,4,44,loyal_customers
8420,2,14,82.7,4,5,5,45,loyal_customers
8421,3,6,31.85,3,1,2,31,about_to_sleep
8422,5,10,69.0,2,4,4,24,at_Risk
8423,5,16,105.55,2,5,5,25,cant_loose
8424,5,11,58.1,2,4,4,24,at_Risk
8425,6,11,75.8,2,4,5,24,at_Risk
8426,9,9,40.95,1,3,2,13,at_Risk
8427,8,15,73.25,2,5,5,25,cant_loose
8428,4,18,104.79999999999998,3,5,5,35,loyal_customers
8429,2,14,75.05000000000001,4,5,5,45,loyal_customers
8430,2,12,61.9,4,4,4,44,loyal_customers
8431,2,9,46.25,4,3,3,43,potential_loyalists
8432,7,11,45.0,2,4,3,24,at_Risk
8433,13,5,36.7,1,1,2,11,hibernating
8434,3,11,58.95,3,4,4,34,loyal_customers
8435,8,11,71.65,2,4,5,24,at_Risk
8436,7,13,72.65,2,5,5,25,cant_loose
8437,4,13,66.05,3,5,4,35,loyal_customers
8438,6,15,82.5,2,5,5,25,cant_loose
8439,2,9,54.25,4,3,4,43,potential_loyalists
8440,2,15,91.13,4,5,5,45,loyal_customers
8441,2,16,94.75,4,5,5,45,loyal_customers
8442,4,11,42.25,3,4,3,34,loyal_customers
8443,4,16,86.55,3,5,5,35,loyal_customers
8444,4,11,84.85,3,4,5,34,loyal_customers
8445,4,14,83.60000000000001,3,5,5,35,loyal_customers
8446,4,20,123.9,3,5,5,35,loyal_customers
8447,3,10,69.65,3,4,5,34,loyal_customers
8448,8,12,49.150000000000006,2,4,3,24,at_Risk
8449,4,10,46.15,3,4,3,34,loyal_customers
8450,2,13,66.5,4,5,4,45,loyal_customers
8451,6,12,57.95,2,4,4,24,at_Risk
8452,8,10,46.55,2,4,3,24,at_Risk
8453,7,16,94.45,2,5,5,25,cant_loose
8454,8,8,40.5,2,3,2,23,at_Risk
8455,4,14,71.25,3,5,5,35,loyal_customers
8456,4,10,46.5,3,4,3,34,loyal_customers
8457,2,12,73.1,4,4,5,44,loyal_customers
8458,6,14,76.15,2,5,5,25,cant_loose
8459,6,14,126.75,2,5,5,25,cant_loose
8460,2,10,67.0,4,4,4,44,loyal_customers
8461,4,15,83.3,3,5,5,35,loyal_customers
8462,3,12,66.1,3,4,4,34,loyal_customers
8463,2,16,85.1,4,5,5,45,loyal_customers
8464,7,9,46.7,2,3,3,23,at_Risk
8465,3,11,51.75,3,4,3,34,loyal_customers
8466,5,13,58.150000000000006,2,5,4,25,cant_loose
8467,3,10,52.800000000000004,3,4,3,34,loyal_customers
8468,6,8,44.35,2,3,3,23,at_Risk
8469,2,13,66.75,4,5,4,45,loyal_customers
8470,2,13,66.75,4,5,4,45,loyal_customers
8471,14,12,54.699999999999996,1,4,4,14,at_Risk
8472,4,16,102.19999999999999,3,5,5,35,loyal_customers
8473,14,7,29.25,1,2,1,12,hibernating
8474,8,7,34.35,2,2,2,22,hibernating
8475,7,10,67.30000000000001,2,4,4,24,at_Risk
8476,7,12,54.0,2,4,4,24,at_Risk
8477,7,15,62.9,2,5,4,25,cant_loose
8478,4,12,67.5,3,4,4,34,loyal_customers
8479,8,9,55.4,2,3,4,23,at_Risk
8480,8,16,76.14999999999999,2,5,5,25,cant_loose
8481,2,18,90.4,4,5,5,45,loyal_customers
8482,8,13,67.35,2,5,4,25,cant_loose
8483,3,17,88.8,3,5,5,35,loyal_customers
8484,8,8,47.55,2,3,3,23,at_Risk
8485,3,13,70.2,3,5,5,35,loyal_customers
8486,2,15,75.85000000000001,4,5,5,45,loyal_customers
8487,4,13,83.1,3,5,5,35,loyal_customers
8488,7,13,74.2,2,5,5,25,cant_loose
8489,2,16,82.9,4,5,5,45,loyal_customers
8490,9,11,57.5,1,4,4,14,at_Risk
8491,3,10,59.900000000000006,3,4,4,34,loyal_customers
8492,3,16,81.89999999999999,3,5,5,35,loyal_customers
8493,4,13,66.6,3,5,4,35,loyal_customers
8494,5,15,106.6,2,5,5,25,cant_loose
8495,5,14,80.45,2,5,5,25,cant_loose
8496,2,13,66.75,4,5,4,45,loyal_customers
8497,6,10,66.0,2,4,4,24,at_Risk
8498,4,7,39.75,3,2,2,32,about_to_sleep
8499,2,10,58.1,4,4,4,44,loyal_customers
8500,5,17,90.85000000000001,2,5,5,25,cant_loose
8501,3,6,28.75,3,1,1,31,about_to_sleep
